sample_type,species,model,syn_aug,perf_met,mean,std,min,25%,50%,75%,max
stream,Ammonium-N,DL,False,test_rmse,0.1174907648896191,0.05047471027653658,0.0262163412541092,0.08930456965114518,0.1084352867410873,0.1510182152132388,0.2309565060795266
stream,Ammonium-N,DL,True,test_rmse,0.10381910142130668,0.04934086567405689,0.0313775356989634,0.07173112188192363,0.09280047442855795,0.12807629095415535,0.2242615160704285
stream,Ammonium-N,PLS,False,test_rmse,0.10424431207536214,0.05054530564211786,0.0342213636141834,0.07674250892672806,0.09194798822060404,0.12020770721459863,0.241420005048908
stream,Ammonium-N,PLS,True,test_rmse,0.1035724665278186,0.044818718630628834,0.0429533809518822,0.07384355306670401,0.09605140258845905,0.11344148255393931,0.2149678379290913
stream,Ammonium-N,RF-PCA,False,test_rmse,0.1026702881967186,0.04655238540261031,0.0291289800112861,0.07332314483748906,0.0947089378177865,0.1213456206271357,0.2137449700134054
stream,Ammonium-N,RF-PCA,True,test_rmse,0.10421959253121174,0.04236853908336986,0.0446903212235591,0.07858705877918759,0.09254185025908265,0.1207413182577409,0.2114185939074484
stream,Ammonium-N,XGB-PCA,False,test_rmse,0.11959634788902071,0.04581401275747785,0.0425900730792767,0.09735250503618256,0.12142359016521365,0.14020287235051163,0.22924257588956
stream,Ammonium-N,XGB-PCA,True,test_rmse,0.10747051131037422,0.0445466505931475,0.0448167483874862,0.07802010077660118,0.0945714740236292,0.13300295415239702,0.2198554544128186
stream,Nitrate-N,DL,False,test_rmse,0.33618566424549434,0.12708555175672165,0.1863206093420877,0.24457624998615343,0.3215750159430021,0.3915805054487533,0.6707357243737089
stream,Nitrate-N,DL,True,test_rmse,0.8318279620746489,0.511040275385142,0.3604406217219638,0.5023538483485145,0.7651158274121528,0.9648887060973637,2.553866527074031
stream,Nitrate-N,PLS,False,test_rmse,0.45629499579017213,0.22861915426875898,0.2488099647743513,0.27582628880617965,0.39929516121857267,0.5605834425068346,1.052787690067721
stream,Nitrate-N,PLS,True,test_rmse,1.3487223305993967,0.3737939999279718,0.8457810070085567,1.0840445403675698,1.3108859329499443,1.6155576942393268,2.3104228591513616
stream,Nitrate-N,RF-PCA,False,test_rmse,0.5374533231329998,0.19175447311296268,0.1650082512733104,0.39855590972917604,0.5185191022316029,0.7127579572717211,0.8628782290456393
stream,Nitrate-N,RF-PCA,True,test_rmse,0.9505699166698898,0.4590082726695391,0.3366099160626939,0.5951059516431126,0.9110975327969897,1.193330533355562,1.8491077052268503
stream,Nitrate-N,XGB-PCA,False,test_rmse,0.6005106795540882,0.2087394597901242,0.248110647389141,0.47555587724079235,0.5692136599601356,0.7349090178903457,1.0780673129204632
stream,Nitrate-N,XGB-PCA,True,test_rmse,1.138846034603752,0.5530195893436629,0.3885369844652088,0.683899656187034,1.094284806976912,1.4623799449100081,2.307735807831467
stream,TKN,DL,False,test_rmse,0.20970502938294683,0.04248872965047727,0.1297849363420328,0.19534837436859248,0.2073279629241323,0.2279846299700895,0.3317674667818834
stream,TKN,DL,True,test_rmse,0.2788468962461426,0.057681766664415504,0.1709272020983489,0.2444398865830817,0.2767605512536989,0.30758704061330483,0.4028442984349191
stream,TKN,PLS,False,test_rmse,0.1982135865962092,0.035495131344095265,0.1374570799946176,0.1703371370127607,0.1959357121977449,0.21493237389829584,0.261760930344229
stream,TKN,PLS,True,test_rmse,0.5579953240808431,0.16282879341046114,0.2856749215776963,0.41188434337255964,0.5579970627215283,0.6600981645756688,0.9401858791394088
stream,TKN,RF-PCA,False,test_rmse,0.20079114429088527,0.035681513315052295,0.1343262262160269,0.17721699959306783,0.19770026766105836,0.23164924629622674,0.2701990917086278
stream,TKN,RF-PCA,True,test_rmse,0.4618533726092826,0.1456801498101741,0.2310055825950041,0.3946176285931046,0.4473542914119144,0.5578992660384107,0.8287654725924322
stream,TKN,XGB-PCA,False,test_rmse,0.20669729422800603,0.03361742233398878,0.1607731357596624,0.18074299320604387,0.19553259871575135,0.23500533668417506,0.2740153347693759
stream,TKN,XGB-PCA,True,test_rmse,0.4887179500801614,0.16845574426320417,0.2065597259918175,0.3732148199015392,0.4750943364814375,0.5765934960473796,0.8899603299870649
stream,ON,DL,False,test_rmse,0.27524479127510476,0.03729371302164425,0.2052456394271635,0.25588278014036087,0.2644117306566989,0.29590642677617895,0.3499804302352978
stream,ON,DL,True,test_rmse,0.3549460236420704,0.07828126277182244,0.2440778466394142,0.27541449587621064,0.3541232487038697,0.3967067949239124,0.4910646835454106
stream,ON,PLS,False,test_rmse,0.2197699655498543,0.044670793975810585,0.1219947567389421,0.20364544901216042,0.22048566406122175,0.24936650209880065,0.2924629438687476
stream,ON,PLS,True,test_rmse,0.5705897608656227,0.1374753297010867,0.313724726979404,0.47733848625925246,0.5610340467889711,0.6682978706464118,0.794752819866335
stream,ON,RF-PCA,False,test_rmse,0.22663510436488882,0.04798321725619421,0.1439927647682311,0.19524818669723693,0.2223577037765517,0.259607544310014,0.3092913762657605
stream,ON,RF-PCA,True,test_rmse,0.4167847039181437,0.13515052768068445,0.1700541099252686,0.3017987819463436,0.4106005205929487,0.533937585720202,0.6295005440581569
stream,ON,XGB-PCA,False,test_rmse,0.22837068951846992,0.04189072515444063,0.1535796560350252,0.1929324562067457,0.2400856411427822,0.2579519400578501,0.306247255367867
stream,ON,XGB-PCA,True,test_rmse,0.5288848459933845,0.2570107151727922,0.233964070474408,0.33508440535141565,0.4271982375680502,0.670587994395015,1.1475719547757692
stream,TN,DL,False,test_rmse,0.48493447618878793,0.1601311048322818,0.2936888931326752,0.35781605768531155,0.45802097076451254,0.5773169549933203,0.8867488759781661
stream,TN,DL,True,test_rmse,0.7797624248827835,0.21989561671930816,0.4781805475094411,0.5696193174287345,0.8058615156817626,0.9466245516653653,1.1764720759143568
stream,TN,PLS,False,test_rmse,0.48688881970701264,0.1393430270457633,0.2660061553256208,0.3586240566090613,0.5057707692466966,0.5816005277337837,0.7323040675130054
stream,TN,PLS,True,test_rmse,1.5372535167090533,0.2900799027448943,1.008017048409512,1.3347370001221883,1.5532609666534243,1.69006670219603,2.19638183494995
stream,TN,RF-PCA,False,test_rmse,0.6867723589370807,0.18537557265489443,0.3990615208782297,0.5160260095002113,0.7576158641442352,0.837112158307698,0.9609601357776656
stream,TN,RF-PCA,True,test_rmse,0.8401088903336639,0.39075174199941637,0.4058834752870334,0.5998041828878057,0.7702580557217447,0.9677225460814274,2.1388357644707106
stream,TN,XGB-PCA,False,test_rmse,0.6514498799912676,0.23282222412296266,0.3372115507735404,0.47049286735095375,0.5913065311843994,0.7741930590761967,1.195475454242346
stream,TN,XGB-PCA,True,test_rmse,0.8164958280209381,0.6236752794008166,0.4214853562979223,0.48747556384270885,0.5897622503063609,0.8608757385241774,3.146244618743847
stream,Phosphate-P,DL,False,test_rmse,0.2791149805912142,0.06155074382469556,0.1641604228094519,0.2514598925943704,0.28866307247274436,0.31072132526242907,0.3737720424226231
stream,Phosphate-P,DL,True,test_rmse,0.24023605065943604,0.05540419171972941,0.1066814168795464,0.2058227640071857,0.2378353041833413,0.2744146262844194,0.3432438707893858
stream,Phosphate-P,PLS,False,test_rmse,0.24751313638278843,0.05459864783612041,0.1724145704937268,0.20847562674825032,0.2296804549557194,0.279125681981196,0.4118733597475769
stream,Phosphate-P,PLS,True,test_rmse,0.2337076728537451,0.04895512133652124,0.1520017005426861,0.20836336120225188,0.21863475637266064,0.2583418338297757,0.3622086371988259
stream,Phosphate-P,RF-PCA,False,test_rmse,0.2317553815259034,0.04250712007759453,0.1692131447144229,0.20055686901955327,0.22825775978213098,0.25532165021016706,0.324604998354022
stream,Phosphate-P,RF-PCA,True,test_rmse,0.23078193183703424,0.05034012911038952,0.1444262845240306,0.20254416636205574,0.21830752922446128,0.26367933289461787,0.3510326370199406
stream,Phosphate-P,XGB-PCA,False,test_rmse,0.24403167387319974,0.04157465941608465,0.1437196873914839,0.21414778150416378,0.2473315724655312,0.2732751681112881,0.3170994632225262
stream,Phosphate-P,XGB-PCA,True,test_rmse,0.2377378039554165,0.04854094393427923,0.1534269938024836,0.20561130989726964,0.2338492157015335,0.2737601743806472,0.3288979927361825
stream,TP,DL,False,test_rmse,0.24202199385975112,0.044342483500529974,0.1227522064677981,0.2214450068017553,0.24933808791144144,0.26940053687039556,0.3283119513806261
stream,TP,DL,True,test_rmse,0.23220649359091286,0.03733804485998301,0.1438568433861295,0.21510924135241064,0.23434828657501133,0.2552978752175174,0.2884292844985476
stream,TP,PLS,False,test_rmse,0.2554587477471345,0.052093267802926314,0.1542017686078418,0.2319377358361507,0.2545871181331305,0.26991784592558515,0.4099021122066963
stream,TP,PLS,True,test_rmse,0.23075863228467552,0.03669965499274134,0.1309613423501019,0.21049537699613766,0.2421015882689584,0.2564728677713969,0.276887415490792
stream,TP,RF-PCA,False,test_rmse,0.2245290682897096,0.03416935872678473,0.1695726863228226,0.19186658786719496,0.22963081641379063,0.2502336985485048,0.2701709286040702
stream,TP,RF-PCA,True,test_rmse,0.22932922653279947,0.040163928892755336,0.1337229431817219,0.20796712502291204,0.24182230226428747,0.2616681554185338,0.2743564776785472
stream,TP,XGB-PCA,False,test_rmse,0.2374155735140734,0.04331897949257207,0.1586761614459628,0.20245149716995592,0.2429809337939367,0.2639952153457294,0.3163728119901667
stream,TP,XGB-PCA,True,test_rmse,0.22983620100768004,0.0395098984122663,0.158757008397574,0.19648096725996955,0.22970122444662527,0.2632863076369161,0.3032255071092133
stream,OP,DL,False,test_rmse,0.02646129538465742,0.004280354883637353,0.0180437908529063,0.023830384205331925,0.0265999789113952,0.030067635141323948,0.0335606146942068
stream,OP,DL,True,test_rmse,0.027673058706076503,0.0038530724956858334,0.0201252308210694,0.025473415606940525,0.02719476353626665,0.03001312946826965,0.0347797952430001
stream,OP,PLS,False,test_rmse,0.029556320043229674,0.005583846576714122,0.0174673353691751,0.026419575283493972,0.029622193586557148,0.03329668634559365,0.0422032388672826
stream,OP,PLS,True,test_rmse,0.03017355502132879,0.005877736637164873,0.020531629404215,0.02539648693452655,0.03105699627159285,0.03497469490344378,0.0378777374913581
stream,OP,RF-PCA,False,test_rmse,0.026320942399421905,0.004135699270894648,0.0169757302799014,0.02409652920683705,0.02722650276597345,0.028877265486819147,0.0328655124758253
stream,OP,RF-PCA,True,test_rmse,0.026853276734296754,0.0036641045707932365,0.0199795835871383,0.023863757017479125,0.0279920238286511,0.02961415319009575,0.0318721133639547
stream,OP,XGB-PCA,False,test_rmse,0.02926524459668664,0.003958882939311781,0.021465759865417,0.027108803464468926,0.028740169337039698,0.0314057130016208,0.0377205164943674
stream,OP,XGB-PCA,True,test_rmse,0.027609723691209103,0.0043814013538222,0.0204727651620866,0.023268785774593875,0.02900100041312055,0.0309977835714803,0.0325784445614401
HNSd30,Nitrate-N,DL,False,test_rmse,41.2266246025183,37.76574442149384,19.928672271723663,26.975143215351324,32.9700309589722,38.08176887402293,197.3413828917276
HNSd30,Nitrate-N,DL,True,test_rmse,29.40826430303805,8.538249297736632,15.441191224865277,26.416956138831722,28.07111284976174,31.601579169333203,57.44642862113741
HNSd30,Nitrate-N,PLS,False,test_rmse,31.203759361210064,8.572800402086031,23.205626337591088,25.79300680794998,28.501406916417373,33.838379989255415,61.46319615201951
HNSd30,Nitrate-N,PLS,True,test_rmse,27.768339426290208,7.734379470741569,17.859182621193256,24.924090766833636,26.219653372478042,28.597242799410928,57.23306255926972
HNSd30,Nitrate-N,RF-PCA,False,test_rmse,25.863521387658135,5.511375260856307,17.74803209889985,22.472140152669805,24.64109661033373,29.383557555349483,38.12617906817462
HNSd30,Nitrate-N,RF-PCA,True,test_rmse,29.471300268641283,7.930169647065701,21.614786138236063,24.592084893522316,28.07249430249374,31.321830575265853,57.88409712489939
HNSd30,Nitrate-N,XGB-PCA,False,test_rmse,26.30880228995914,5.575050691421615,17.55431512898566,22.685680735985517,25.191727140218845,29.85234758190099,39.629084187224
HNSd30,Nitrate-N,XGB-PCA,True,test_rmse,31.512685101499994,6.640307687352863,21.95500395,28.1831284825,29.871401135,33.766074495,53.35656941
HNSd30,Sulfate,DL,False,test_rmse,45.82342616925888,27.910429914315948,20.97435694661237,31.54076242719608,36.8450730302192,44.905621849759314,141.87235409361426
HNSd30,Sulfate,DL,True,test_rmse,66.02629958336718,12.38157461591704,34.70547415567788,61.483825773827675,65.63406656319331,70.35055324835437,95.9457920955682
HNSd30,Sulfate,PLS,False,test_rmse,35.47046624201123,8.708783683654822,23.984300228891875,28.41605534548362,35.76464539266796,40.64441163924665,56.7195772966948
HNSd30,Sulfate,PLS,True,test_rmse,42.08284496658652,11.959394300173837,28.62161859639595,34.25750589721926,38.69114243164174,47.87597912760984,78.30884904431618
HNSd30,Sulfate,RF-PCA,False,test_rmse,31.345771026200755,4.836533167952152,21.839305707458145,28.86163632856869,32.281684199765074,34.49695898078281,38.83708652472252
HNSd30,Sulfate,RF-PCA,True,test_rmse,32.132578658973664,5.642906897646912,23.22477978160922,27.58848120321757,32.54624173622118,35.56494915577947,46.15866933830272
HNSd30,Sulfate,XGB-PCA,False,test_rmse,32.628119348285544,6.309586838306677,18.158461744922047,29.284135969233585,31.784591315794096,35.127583905844006,45.945556290238144
HNSd30,Sulfate,XGB-PCA,True,test_rmse,34.703380220511065,5.817132805894109,23.94119873559254,31.701808549388687,35.19421151222895,37.93343180363467,49.153743499914114
HNSd30,Ammonium-N,DL,False,test_rmse,4.412912759545532,0.706441385413426,2.863327664233186,3.977472003942556,4.332484313798557,4.881313918507381,6.027988786164767
HNSd30,Ammonium-N,DL,True,test_rmse,5.056990578021091,0.7116565792026491,3.548230396468881,4.857517141620604,5.116415542277554,5.363002536478571,6.466845944957735
HNSd30,Ammonium-N,PLS,False,test_rmse,3.756022820591588,1.1871674587205487,2.691960468325433,3.0492769461201528,3.331111588902517,4.1071840639608155,7.901191204296075
HNSd30,Ammonium-N,PLS,True,test_rmse,4.845179324274507,0.6374304272452369,3.8530183964763713,4.4358622200838065,4.866992774931733,5.244715616222885,6.109814747036473
HNSd30,Ammonium-N,RF-PCA,False,test_rmse,3.316214468299335,0.6606629758698298,2.175683139156723,2.8833756295303106,3.142230115130581,3.8115159215682084,4.478937399180367
HNSd30,Ammonium-N,RF-PCA,True,test_rmse,4.645803267643425,0.7039666057491413,3.754394073841322,4.098058604923513,4.414876947818328,5.117220678886579,6.116436546511521
HNSd30,Ammonium-N,XGB-PCA,False,test_rmse,3.53367806425877,0.7291083979102309,2.4639389371898024,2.8565125631942605,3.461147453123131,4.050922396883811,4.843494559551489
HNSd30,Ammonium-N,XGB-PCA,True,test_rmse,4.5762151249,0.7744853156842669,3.183597411,4.15095568825,4.4472355815,4.85846122675,6.233980166
HNSd30,Phosphorus,DL,False,test_rmse,13.389864480349107,3.2232136187119083,8.30154503813271,11.006809853014582,13.642403977385907,14.730745041548227,20.7375399351336
HNSd30,Phosphorus,DL,True,test_rmse,17.965984924693366,4.17442794825076,10.210742194655628,16.187139478873085,17.80473598830268,20.100785542719176,25.68977210770991
HNSd30,Phosphorus,PLS,False,test_rmse,10.432052913854115,2.7830337937486034,5.283752370321318,9.227796043014562,10.28732775453344,12.087031609545226,14.902426462094745
HNSd30,Phosphorus,PLS,True,test_rmse,12.405187487361044,3.2994958226024265,7.016945524427216,9.73455365491674,11.742379037858864,14.961313809098968,18.595993899996337
HNSd30,Phosphorus,RF-PCA,False,test_rmse,9.710027337402746,3.4548495824814385,5.33051555241612,6.4607425614420215,9.466559395820578,12.163620390009042,15.352960750073365
HNSd30,Phosphorus,RF-PCA,True,test_rmse,10.059212136124366,2.710324890884246,6.041900239356261,7.639344089654488,10.25069738521428,11.367998219235757,15.02742237250264
HNSd30,Phosphorus,XGB-PCA,False,test_rmse,10.491302221246976,3.826736057175275,5.0352545608825015,7.348949718049209,9.906646792911634,12.320552625604305,18.97633327125079
HNSd30,Phosphorus,XGB-PCA,True,test_rmse,11.4551241776,2.818138825044435,6.562500146,9.81476188975,11.485850865,13.24967571,17.16439588
HNSd30,Potassium,DL,False,test_rmse,42.49034807435706,10.071989069319043,26.334193823205,35.359823128048184,40.69131183417704,53.4352631352681,58.14404131351399
HNSd30,Potassium,DL,True,test_rmse,54.672458070150654,11.77667054933751,32.77885708504179,47.179811761043,56.04366324813492,61.38985738198586,73.43050166665031
HNSd30,Potassium,PLS,False,test_rmse,40.8172608641804,8.83490488767747,25.70782448465596,33.52652532834454,41.808081799670994,45.406217159480875,59.36965953678266
HNSd30,Potassium,PLS,True,test_rmse,45.67583551980321,7.87059342245496,33.05732518963164,37.02343196924875,46.65653309937775,51.23225682663485,58.48361697010631
HNSd30,Potassium,RF-PCA,False,test_rmse,33.841323922926705,4.9921563856716356,25.57151254259316,30.813335428538558,32.565375795725515,37.330298626418816,44.64164803029376
HNSd30,Potassium,RF-PCA,True,test_rmse,42.91184641213684,9.633694016402297,24.73981930979714,37.41219534501456,43.03000663740122,50.414757956224236,59.56178278446089
HNSd30,Potassium,XGB-PCA,False,test_rmse,38.03216349477093,9.862450199170288,23.76251842382736,33.06800302046943,35.90323037842612,41.39775965294861,62.034205884290486
HNSd30,Potassium,XGB-PCA,True,test_rmse,45.414742391000004,9.537772988878396,28.14423775,40.3153976425,45.647469625,51.391854025,61.09216653
HNSd30,Calcium,DL,False,test_rmse,25.906889899915775,6.048611768648266,14.75545414412359,20.70386647211163,26.109676154096306,28.705887518030437,37.84883145554489
HNSd30,Calcium,DL,True,test_rmse,34.849214687882984,13.061929327905998,22.948833867654,28.365927935196446,32.1196318329393,36.58223747277265,83.334518475562
HNSd30,Calcium,PLS,False,test_rmse,24.667674623687184,6.1119994299324585,12.968227293496646,20.804444612552807,24.149675825007158,29.184105865723108,40.69394691853754
HNSd30,Calcium,PLS,True,test_rmse,27.40485476415398,5.117911552320335,15.92908371511172,23.815620409569107,27.164141734192015,31.162954967432526,38.56175676305387
HNSd30,Calcium,RF-PCA,False,test_rmse,22.359174889293207,4.7540739024433964,9.4007530494824,19.288929647601094,23.243056923800808,25.265702476378802,29.1775209897796
HNSd30,Calcium,RF-PCA,True,test_rmse,24.493589504992084,5.287608585105461,14.847846992585318,21.144473060527876,24.42286431293869,27.503711164550854,39.64035963357978
HNSd30,Calcium,XGB-PCA,False,test_rmse,22.880164887466385,4.863870491310365,10.977106985412105,21.399885334590195,22.992873716906963,25.802929487048708,30.369436897957645
HNSd30,Calcium,XGB-PCA,True,test_rmse,26.731251469999997,5.258492391170624,19.85356138,22.4837186375,26.521723725,30.0283947675,37.78807126
HNSd30,Magnesium,DL,False,test_rmse,9.272092649943485,3.16354927303983,5.201963848144822,7.576274643003753,8.60598358851046,9.809874118373248,18.93859496932976
HNSd30,Magnesium,DL,True,test_rmse,15.426961225060207,2.8376305460410465,8.639957945408332,14.034269894084053,15.859406116931414,17.543617396022036,19.803883259223905
HNSd30,Magnesium,PLS,False,test_rmse,8.314410444434746,1.5977123106272715,5.869315762545909,7.344747349716773,8.512594134573774,8.926304641624705,12.768171333685936
HNSd30,Magnesium,PLS,True,test_rmse,9.037257356594008,2.248793178850395,6.327542757210636,7.39471352993239,8.555236964961706,10.358037279963058,14.854967919217
HNSd30,Magnesium,RF-PCA,False,test_rmse,7.648217931032702,1.2159994462082366,5.511210869772077,6.649075425607431,7.439424769280155,8.537434376444942,9.877659183276451
HNSd30,Magnesium,RF-PCA,True,test_rmse,7.672040697913117,1.180432372309392,5.809540036380427,6.853142228760184,7.534730600979561,8.59514884013446,9.826800209263768
HNSd30,Magnesium,XGB-PCA,False,test_rmse,8.324657656153557,1.3411665996511777,6.459261572373471,7.207707862635398,8.201923326798989,8.923039259352274,11.427308879134106
HNSd30,Magnesium,XGB-PCA,True,test_rmse,8.8227953026,1.8012827666869922,6.105269803,7.71169817275,8.7330048195,9.362337317,13.02423376
HNSd30,Boron,DL,False,test_rmse,0.11575741959954844,0.028299167492112007,0.0635921883130376,0.09974172693628486,0.12005695808877351,0.1393424556957259,0.1625571685412408
HNSd30,Boron,DL,True,test_rmse,0.16259453479912483,0.02455251527947877,0.1224085307406048,0.1465414032927455,0.1620048031905503,0.16919419122588153,0.2225255231191922
HNSd30,Boron,PLS,False,test_rmse,0.1022753186260343,0.037812367559396015,0.0517998812197204,0.07280608484828448,0.0817012090485608,0.13653664614423391,0.1576577311134923
HNSd30,Boron,PLS,True,test_rmse,0.0873391037312071,0.035471418306377636,0.0560955486300204,0.06438244048024322,0.07314794488950915,0.09048510531822347,0.1666938657601255
HNSd30,Boron,RF-PCA,False,test_rmse,0.08329463633159291,0.03163342675708789,0.0579289535045932,0.06403199442672505,0.07155568177348245,0.08053258944256668,0.1467907282001673
HNSd30,Boron,RF-PCA,True,test_rmse,0.08447865654134935,0.03484323243508504,0.0512477574244111,0.06249216730019495,0.07284964423727094,0.08660852668458843,0.1610938644193674
HNSd30,Boron,XGB-PCA,False,test_rmse,0.10966783486192748,0.031738973650019736,0.0592469878816064,0.07849272814761447,0.10423516234018115,0.13997843134846785,0.1646798772557181
HNSd30,Boron,XGB-PCA,True,test_rmse,0.09264747645000002,0.0327421762578907,0.058949373,0.0700398365,0.082524142,0.1003468885,0.166254911
HNSd30,Zinc,DL,False,test_rmse,0.15968092101723053,0.029643568037620784,0.1021705135723553,0.13770583575513165,0.1631543923180165,0.17931814140494468,0.2096530712987897
HNSd30,Zinc,DL,True,test_rmse,0.21997672929460763,0.057484245342570246,0.1171659799434203,0.18663134964708356,0.20902685557074904,0.24785640761014224,0.3410286119275413
HNSd30,Zinc,PLS,False,test_rmse,0.14514319006145793,0.03001716230894936,0.0837155700530255,0.13345085457334382,0.1431899823580825,0.15369498569361964,0.1973915385157506
HNSd30,Zinc,PLS,True,test_rmse,0.21903222692584565,0.03902156747793719,0.1553132014180971,0.19132648963511154,0.2153701056417661,0.25812834817059355,0.2756744206440119
HNSd30,Zinc,RF-PCA,False,test_rmse,0.12931985451976252,0.038638436122995536,0.0698740716128724,0.09859463503919748,0.12337589891804934,0.15912565181464455,0.2089598906681075
HNSd30,Zinc,RF-PCA,True,test_rmse,0.1784697298859534,0.03740780539483957,0.1028179129987708,0.15648794945525016,0.1821306886254008,0.20336808862051053,0.2473562913454297
HNSd30,Zinc,XGB-PCA,False,test_rmse,0.14534292398552248,0.03188530559180109,0.0998372915384059,0.12492223233507199,0.14593825949605416,0.16136717489834618,0.2141589032256988
HNSd30,Zinc,XGB-PCA,True,test_rmse,0.23637551470000004,0.04947951634053971,0.119126979,0.21720409000000002,0.244777747,0.25753299325,0.332521156
HNSd30,Manganese,DL,False,test_rmse,0.24856243810458664,0.046570158716657824,0.1495406858771034,0.21861070070640892,0.25464732644609084,0.28389507070817654,0.3470812324379766
HNSd30,Manganese,DL,True,test_rmse,0.3770195638928671,0.0679750195279911,0.2480983960408085,0.3458900502045126,0.3770505925839064,0.41485072190817446,0.5382569593160192
HNSd30,Manganese,PLS,False,test_rmse,0.19612518510125557,0.048469869623885935,0.1389835084807045,0.1708117973655549,0.18685003151606383,0.2025529242669934,0.3403467375979959
HNSd30,Manganese,PLS,True,test_rmse,0.34188234453156335,0.06658764808174324,0.2043754148223442,0.2969360241946472,0.34139402424548654,0.39737674218164054,0.4500712948541119
HNSd30,Manganese,RF-PCA,False,test_rmse,0.18454385896581585,0.023791307139623005,0.1374145242926519,0.1683101052403166,0.18334892828949217,0.19904777537188348,0.2277737732072693
HNSd30,Manganese,RF-PCA,True,test_rmse,0.2914415336262059,0.04692592328506392,0.211713729746471,0.26039692288847494,0.28053247233970197,0.31416750705993324,0.3888755034543176
HNSd30,Manganese,XGB-PCA,False,test_rmse,0.1990418604859713,0.024443098219512415,0.1589604282611934,0.1759954929374859,0.19927045212633404,0.21447060108787144,0.2459744071057236
HNSd30,Manganese,XGB-PCA,True,test_rmse,0.2865240582,0.03901080752100867,0.233669453,0.2544348875,0.27699229550000004,0.30528615975,0.372245163
HNSd30,Iron,DL,False,test_rmse,0.42175296889372155,0.13370688068741796,0.2076430883456829,0.32842520688402177,0.40021534108761836,0.4784531649328055,0.7287143700505853
HNSd30,Iron,DL,True,test_rmse,0.8730708721321683,0.19824856686425368,0.5551696311060191,0.7130091508272043,0.9262554489920356,1.0529138081700615,1.1324619010013617
HNSd30,Iron,PLS,False,test_rmse,0.42894808489578,0.12942806956710048,0.2461838302281991,0.34222342532169964,0.39754083954924596,0.48119457691319734,0.7643154005840317
HNSd30,Iron,PLS,True,test_rmse,0.8006433178913406,0.24824818490140566,0.3406587755170432,0.5957890797134979,0.8866270997445949,1.0038396228663005,1.127291220277103
HNSd30,Iron,RF-PCA,False,test_rmse,0.37071672519439886,0.07649259365492343,0.161309035060383,0.33173805914730947,0.37266491779968025,0.4203546613330054,0.4949272913285989
HNSd30,Iron,RF-PCA,True,test_rmse,0.4102434027305115,0.09509127767783204,0.2776617246983521,0.3681601460747781,0.3942239009499101,0.4391600178218463,0.7242998643795122
HNSd30,Iron,XGB-PCA,False,test_rmse,0.3923542886029746,0.07576090660761192,0.2559760363325153,0.35259683988674523,0.38689287309327847,0.44828106380018673,0.5539100934695483
HNSd30,Iron,XGB-PCA,True,test_rmse,0.5316915254500001,0.08578050587950894,0.361819963,0.48503365325000003,0.545283096,0.5924769765,0.690216614
HNSd30,Copper,DL,False,test_rmse,0.1411418039033233,0.03031967042339604,0.086735072350123,0.12341722823109127,0.1302652747871271,0.16203927542416258,0.2017191207905036
HNSd30,Copper,DL,True,test_rmse,0.1644686228033231,0.04074437510106377,0.1102078559909504,0.13335794479884355,0.15564472458173306,0.18367233188222398,0.2451320194829761
HNSd30,Copper,PLS,False,test_rmse,0.13782004180288354,0.0510555544978796,0.1010828205898145,0.11963172499835417,0.1235479817412536,0.13943012667009003,0.3441287103029958
HNSd30,Copper,PLS,True,test_rmse,0.12938123348555308,0.017400642599046612,0.0916148856703445,0.12161451140562932,0.12813038833204632,0.1298238985837597,0.1761015733302579
HNSd30,Copper,RF-PCA,False,test_rmse,0.12084140867605889,0.014135270666357181,0.0989446036561467,0.11081489160097271,0.1190409912452724,0.12996356735579298,0.1535020255022068
HNSd30,Copper,RF-PCA,True,test_rmse,0.12253148820339008,0.022120007026572085,0.0828790957333168,0.10906172417757144,0.11942607438583355,0.13233699996787468,0.1624121746220584
HNSd30,Copper,XGB-PCA,False,test_rmse,0.12717087270670757,0.018765393775855798,0.09403750380909,0.1137628584789668,0.1235333887807784,0.14365690374963008,0.1556219766291963
HNSd30,Copper,XGB-PCA,True,test_rmse,0.1212202934,0.019743719009907845,0.099772733,0.10866137425,0.11674026700000001,0.1247654275,0.184166101
HNSd30,Molybdenum,DL,False,test_rmse,0.02051632549479338,0.003240638873526828,0.0135737168478659,0.018538653310666474,0.02076015659121625,0.022297095001626126,0.0260085275077521
HNSd30,Molybdenum,DL,True,test_rmse,0.04415320870563574,0.00438065125330497,0.0378818224852834,0.04013689509967585,0.04536337997810565,0.04715843052501835,0.0522686226981853
HNSd30,Molybdenum,PLS,False,test_rmse,0.02080121747883781,0.0029895756352033313,0.0128443862111941,0.018456999238650074,0.0210692749606528,0.023055745044640225,0.0245827156984483
HNSd30,Molybdenum,PLS,True,test_rmse,0.034186686431647545,0.006324819464603183,0.0200060417071019,0.0310634004529308,0.0344389048154874,0.03865058872791835,0.0434780597132434
HNSd30,Molybdenum,RF-PCA,False,test_rmse,0.019735495281222905,0.0025292599357133933,0.0149739275818577,0.01806817741153,0.02022214161006365,0.0208023731470926,0.0256538376834981
HNSd30,Molybdenum,RF-PCA,True,test_rmse,0.021169340872581398,0.0027627076875982766,0.0175766049684797,0.019392423354138225,0.02067390659253305,0.022151255073639374,0.0272790550409491
HNSd30,Molybdenum,XGB-PCA,False,test_rmse,0.020598682463909692,0.0030200009098771173,0.0129470159991961,0.018913923554518826,0.0209190361043857,0.022097125144592725,0.0272045389794537
HNSd30,Molybdenum,XGB-PCA,True,test_rmse,0.0218124444,0.0026572407460583383,0.017775401,0.01987466725,0.021306064,0.02400038675,0.026717493
HNSd30,pH,DL,False,test_rmse,0.39004062574007703,0.08557823120351281,0.2652156220077873,0.33101222985589923,0.3573159440825633,0.4653319322082125,0.5545703037554138
HNSd30,pH,DL,True,test_rmse,0.6821000618771069,0.14346738186981486,0.3595217945733941,0.5864726528681925,0.7196670063563728,0.741908771668144,0.9293618075340774
HNSd30,pH,PLS,False,test_rmse,0.3163717185062864,0.08661462320976321,0.1843806684148402,0.2533427411874977,0.3148843106509534,0.3868083900476732,0.4765935708065791
HNSd30,pH,PLS,True,test_rmse,0.32098610815400047,0.05520132738131511,0.1972934839467375,0.2966162029460042,0.33289132650361797,0.3587678037291012,0.4181737006184586
HNSd30,pH,RF-PCA,False,test_rmse,0.2804504967897616,0.07408548892518542,0.139791786500825,0.2249030053884933,0.2837764400144628,0.33617877847634814,0.3930646160841197
HNSd30,pH,RF-PCA,True,test_rmse,0.3041053680184721,0.07505787677270596,0.1361557567292036,0.28345980721148195,0.31152257106265885,0.3590056113009572,0.4172797728123835
HNSd30,pH,XGB-PCA,False,test_rmse,0.2972151621924868,0.06761363293030781,0.1669252911284671,0.2757025236187518,0.28975311175142193,0.3435082301295693,0.4047581828508682
HNSd30,pH,XGB-PCA,True,test_rmse,0.37112208830000004,0.0982132530742048,0.253000326,0.2897899695,0.36211474349999995,0.41791543524999997,0.558003224
HNS,Nitrate-N,DL,False,test_rmse,46.922327748643326,54.79511018897462,19.623987540530656,23.682616978706168,29.558922925163476,34.388028849672644,252.17423298021663
HNS,Nitrate-N,DL,True,test_rmse,25.97326160403776,5.127778979797852,13.155325357161024,24.103908647772894,27.27962247317757,28.87938719927662,33.33859329143076
HNS,Nitrate-N,PLS,False,test_rmse,26.68121375959617,5.216341822302034,15.87438431155879,23.473953834666872,25.936370634344378,30.824719706218772,37.42408241669267
HNS,Nitrate-N,PLS,True,test_rmse,24.407358276189214,4.829333815325461,14.489241537439344,22.095975338984708,25.491952990966723,26.85648610261853,31.78834496090799
HNS,Nitrate-N,RF-PCA,False,test_rmse,26.000648876241893,4.960213539417351,18.20777905214377,22.286061541271096,25.24963090193912,28.850773437683216,33.883791194710355
HNS,Nitrate-N,RF-PCA,True,test_rmse,26.015272964077134,5.816019271895853,18.90341087812928,22.0206077665933,25.098080954819306,28.153019468682466,41.58790363651152
HNS,Nitrate-N,XGB-PCA,False,test_rmse,27.347268403722417,4.565924591901615,21.19975284391237,24.057111531833375,26.45855215330731,30.72224018958802,36.09570646844511
HNS,Nitrate-N,XGB-PCA,True,test_rmse,28.567384177468064,6.652451550038452,19.615074987367457,24.026770924900468,26.11997804231426,32.3762164119362,45.31951776015013
HNS,Sulfate,DL,False,test_rmse,20.56963176008251,11.024150335960226,9.88536876378174,14.422520168110518,18.165794851042005,19.889569400866876,55.68015468375946
HNS,Sulfate,DL,True,test_rmse,53.86849429164636,13.629886108176919,29.437466156704804,47.26848639249546,51.97553837352161,62.033474792308986,81.86656552676197
HNS,Sulfate,PLS,False,test_rmse,16.18198952124929,4.185193281817982,8.51990078823391,13.557551249398395,16.611053451419387,18.499409581254046,24.1127354628778
HNS,Sulfate,PLS,True,test_rmse,31.02906838236022,4.171255237750141,22.81094651460189,28.569521342279167,31.33268705294669,33.22014161158496,38.936475479838
HNS,Sulfate,RF-PCA,False,test_rmse,22.59212295647571,5.760553357205154,13.248146409089331,18.248891581845147,22.233021955739364,25.8079621798587,34.98063641133823
HNS,Sulfate,RF-PCA,True,test_rmse,28.301182042753943,5.297415804205296,21.412144754216072,24.24534089440281,27.63409492047063,31.581842333425865,40.04744361574447
HNS,Sulfate,XGB-PCA,False,test_rmse,19.731568064918363,5.301029357760143,12.113348775970168,16.089991232909252,18.707755030535516,23.98797286539406,32.19663124115425
HNS,Sulfate,XGB-PCA,True,test_rmse,31.718508869303246,5.811440199588005,21.017020959565144,27.093242827469805,31.751264641009865,34.26461057241322,43.34180247435597
HNS,Ammonium-N,DL,False,test_rmse,3.215305815088322,0.7730904796737617,1.918726403758052,2.7360806246873497,3.063294920613492,3.6395707619168665,4.723142093926144
HNS,Ammonium-N,DL,True,test_rmse,3.8037901529609877,0.5251224218293877,2.809926398323614,3.529235100997092,3.8375088231097556,4.203023562366563,4.675681521829692
HNS,Ammonium-N,PLS,False,test_rmse,3.3872440762050515,0.6121650796543064,2.294481094854906,3.078490499332924,3.3859638187756587,3.715352764150685,4.747745629671332
HNS,Ammonium-N,PLS,True,test_rmse,3.871016428150198,0.8831356462345403,2.427573879398792,2.9922378268922105,3.9803216391840173,4.574960622776891,5.141001774913534
HNS,Ammonium-N,RF-PCA,False,test_rmse,3.2739416344289376,0.5719104622568698,2.285298326493128,2.854517854736826,3.4460405654090502,3.683868408966449,4.4322506550043865
HNS,Ammonium-N,RF-PCA,True,test_rmse,3.380122078159245,0.9745054526000537,2.1121589439748747,2.686714771304797,3.177246505904342,3.787870948608846,5.653742975197307
HNS,Ammonium-N,XGB-PCA,False,test_rmse,3.4193224882644855,0.6453869860647866,2.503781299011166,2.7653877767821324,3.5281488651560324,3.9338571391095933,4.355607172405678
HNS,Ammonium-N,XGB-PCA,True,test_rmse,3.4718988930360117,0.827483389163909,1.9973471361250623,3.012815128432714,3.3783401621956637,3.8169277905936276,5.593519064435291
HNS,Phosphorus,DL,False,test_rmse,13.086774455485124,2.23365775471296,8.060644707312738,11.481210999189292,13.41415790485845,14.814919426467597,16.89348143284292
HNS,Phosphorus,DL,True,test_rmse,14.999600095383292,3.7980235196794805,6.942923173482403,12.192116447847367,14.941032306893305,17.263363890871894,23.28932255350856
HNS,Phosphorus,PLS,False,test_rmse,11.52019465634943,2.115033093946332,7.101328043595528,10.305892243031302,11.921023864747504,13.2065158788214,14.474417596566534
HNS,Phosphorus,PLS,True,test_rmse,13.922907489525278,3.0446084317257807,8.087819795776428,12.455043400559529,13.963631553474475,16.178900693390975,20.074785766439422
HNS,Phosphorus,RF-PCA,False,test_rmse,11.1318915037863,2.7306977526389398,6.619324311090137,9.51043875201309,11.48846059594865,13.076279986710727,14.574941250905038
HNS,Phosphorus,RF-PCA,True,test_rmse,12.610320608838954,2.3537824280437993,8.619222453094666,10.944658623526756,12.812718924643242,13.61035262298421,17.81937870866757
HNS,Phosphorus,XGB-PCA,False,test_rmse,11.743838114479367,2.731919011184587,6.364219874482306,9.39364057106419,12.05659435665152,14.154259853558225,15.954831313079255
HNS,Phosphorus,XGB-PCA,True,test_rmse,13.418939791820094,3.258616094108494,6.192121611897066,11.609786620394981,13.075370533902476,16.537739391365335,18.148582709644923
HNS,Potassium,DL,False,test_rmse,36.05759969025424,13.996112505328874,14.14183477033836,27.253529520219356,34.96800217444455,38.56047359868545,79.46943870122979
HNS,Potassium,DL,True,test_rmse,67.42467726824178,15.701314971227035,42.50659959070845,56.54191945486201,64.21859263919006,80.62844134081334,96.10783269916728
HNS,Potassium,PLS,False,test_rmse,27.628708200981862,7.247009466614518,16.855369888076762,22.707791724934154,26.69681377437746,32.18488212355805,44.89823294442932
HNS,Potassium,PLS,True,test_rmse,50.97792975932273,12.858049291074893,31.717791220426705,43.50773542209275,47.33943903004929,59.34601887932724,74.72179570538634
HNS,Potassium,RF-PCA,False,test_rmse,32.18795586612232,7.756586070570011,17.20209817931835,27.117403111179115,34.13091594589633,36.347440728082304,45.81109263665837
HNS,Potassium,RF-PCA,True,test_rmse,45.37419375252077,11.359624949390437,28.803512951451847,34.575515550931904,43.81774283678619,54.628600868863415,63.88632099420453
HNS,Potassium,XGB-PCA,False,test_rmse,32.96327961976537,8.562900922380381,21.22913096219684,25.61449988565039,33.871730437209116,37.08486367892041,57.049828055931016
HNS,Potassium,XGB-PCA,True,test_rmse,50.49212003596296,12.66912600594416,28.6700267378005,38.570135796182285,49.769223696048996,60.99361445380664,67.47505484216875
HNS,Calcium,DL,False,test_rmse,15.420798854289112,11.075682949894423,9.737320491492827,11.36812679855141,12.98767763953676,14.605405777807704,61.40030168847046
HNS,Calcium,DL,True,test_rmse,31.926682507749966,6.903128836472927,22.096528377633167,26.294701654568456,30.50790245598796,35.90372906426862,48.588663051401696
HNS,Calcium,PLS,False,test_rmse,12.131572378309823,2.2233777065552376,8.017449579808451,10.920323015145328,11.66889250301237,14.397476703121692,15.18138757825747
HNS,Calcium,PLS,True,test_rmse,27.008653574400533,8.382338560839706,16.60528390660498,19.24177903099362,28.366989652579157,32.16798288267917,47.81587714675864
HNS,Calcium,RF-PCA,False,test_rmse,14.910175717624616,2.8427455915727333,9.514361121169264,12.72069905797634,14.904547430114684,16.898588679860097,20.50562887885679
HNS,Calcium,RF-PCA,True,test_rmse,21.297633202891358,4.48086756372536,12.761535459207504,17.77072458951064,21.69376375248364,24.087554671461778,29.659520610598715
HNS,Calcium,XGB-PCA,False,test_rmse,13.976831443443066,3.104733644799098,7.412566283081029,11.940885329504122,13.883110931024575,15.491464965398226,22.2888933478594
HNS,Calcium,XGB-PCA,True,test_rmse,25.331524989979304,5.697925870857285,15.997750143586568,20.73918533047134,24.951372684941475,28.951018380984458,37.711869130036696
HNS,Magnesium,DL,False,test_rmse,5.509149396037312,5.016106365867971,2.222135539361949,3.5578856798958247,3.8817327093208056,4.33791537526245,25.185026607648823
HNS,Magnesium,DL,True,test_rmse,13.694212711222713,4.07913541863355,6.924430416538128,11.14676034550617,13.94190377806629,16.685727661710885,21.12117616464012
HNS,Magnesium,PLS,False,test_rmse,3.7073827086380566,0.7090691358881089,2.453012291342182,3.2835582525592453,3.7240127677442207,4.211490720306733,4.78350797820166
HNS,Magnesium,PLS,True,test_rmse,7.885485838125438,1.0454868666325998,6.414151386927808,7.256736836066321,7.83657390126603,8.172057225813408,9.879991809356506
HNS,Magnesium,RF-PCA,False,test_rmse,5.365451037877381,1.2298394173981626,3.4402361005210373,4.4980102938040245,5.125650474396101,6.257680088785413,7.712609692586592
HNS,Magnesium,RF-PCA,True,test_rmse,6.774703917689794,1.4062523321229201,4.8990815845872735,5.708002618495257,6.241900806694154,7.753763151259327,9.765021499401431
HNS,Magnesium,XGB-PCA,False,test_rmse,5.025373048514625,1.181549541744378,3.5619467686737902,4.07893086881821,4.627260444350432,6.339027780449541,6.919869738484361
HNS,Magnesium,XGB-PCA,True,test_rmse,7.84579430085973,1.2511514824895624,4.707105307853646,7.2060752350646,7.691782466215379,8.568035869212222,10.1374083087614
HNS,Boron,DL,False,test_rmse,0.08759898936269608,0.04127442370460939,0.034716913089053,0.048025744670136594,0.08094284236837876,0.12819851520895736,0.1505613677837205
HNS,Boron,DL,True,test_rmse,0.12545292073697004,0.022251006846144367,0.0929815602232439,0.10916489821637905,0.1232439143003848,0.13640532613487696,0.1776160811482459
HNS,Boron,PLS,False,test_rmse,0.08116538533869816,0.03859289221688151,0.0380549161556856,0.06013152174909728,0.06324030160721895,0.09129622341377824,0.1484376952324542
HNS,Boron,PLS,True,test_rmse,0.09230919608485533,0.036638524088485204,0.0484218689690501,0.06861221109411167,0.07716356380331366,0.10483329717889547,0.1570777194938288
HNS,Boron,RF-PCA,False,test_rmse,0.08331780068573641,0.03811373631088442,0.047764841817839,0.05495244289503093,0.0721130520160112,0.0925652706514859,0.1545824844515572
HNS,Boron,RF-PCA,True,test_rmse,0.08652190950401892,0.035926097225578754,0.0510685366091678,0.06199229368648375,0.0719913052156466,0.10247317911122962,0.154676445639054
HNS,Boron,XGB-PCA,False,test_rmse,0.08568042510568316,0.04334431722238494,0.0371411349788845,0.0488804943959756,0.06876961859465384,0.12180821969230218,0.152412240163295
HNS,Boron,XGB-PCA,True,test_rmse,0.09043207917724524,0.03551688644185328,0.0527848516390303,0.0628502664860991,0.07487673260233155,0.10778306387818419,0.1561264660374723
HNS,Zinc,DL,False,test_rmse,0.23632845066460978,0.048039358752025516,0.1156740027591704,0.20636907031340507,0.24011496793913067,0.2662656004193,0.3392427917608661
HNS,Zinc,DL,True,test_rmse,0.2710685996727452,0.048230708667964556,0.1818350095784313,0.24158516652840284,0.26811423519627575,0.3052227390334211,0.3482962473635007
HNS,Zinc,PLS,False,test_rmse,0.21506989919177033,0.042440249439359194,0.1543863317106401,0.18404048128481754,0.20808424485265825,0.24099096825718797,0.2888214546977682
HNS,Zinc,PLS,True,test_rmse,0.22856313380886478,0.048924329577116676,0.1221107065619844,0.19477239247942402,0.2293804068286896,0.2563458628018163,0.326207634088116
HNS,Zinc,RF-PCA,False,test_rmse,0.19168734735255172,0.055904038330494676,0.1040105295799205,0.15830910254929986,0.18128070150329034,0.22795387959794944,0.2990068572141678
HNS,Zinc,RF-PCA,True,test_rmse,0.22437970908302773,0.043776574389523794,0.1435830092849341,0.19297731804995,0.22120301012726934,0.2517320010392523,0.3109837715526767
HNS,Zinc,XGB-PCA,False,test_rmse,0.2068726104039401,0.051741337896183216,0.1230430505278985,0.16832048933302457,0.2013365807723104,0.23927392063743075,0.30629063468163
HNS,Zinc,XGB-PCA,True,test_rmse,0.23492385808554692,0.04324994636010026,0.1678469471576961,0.20797508031818768,0.2192223383212211,0.2684606866072207,0.3099222309784823
HNS,Manganese,DL,False,test_rmse,0.2527365085035456,0.04268832174387705,0.1385895732354327,0.23839232721293815,0.2646703171143763,0.27803256636888213,0.3078533656623656
HNS,Manganese,DL,True,test_rmse,0.32499200407637224,0.09456194351799116,0.1632517784583096,0.25999046208528104,0.3075748023827824,0.37276065360257443,0.5361646866074408
HNS,Manganese,PLS,False,test_rmse,0.21027905154971976,0.03303775636764557,0.1603309446492757,0.18665459148993307,0.207809287946707,0.22466741131462775,0.2937937072915874
HNS,Manganese,PLS,True,test_rmse,0.2698695192657793,0.05726014730138297,0.1815730467656749,0.22272739603923936,0.2788232691311505,0.29369022027936154,0.4102274446289653
HNS,Manganese,RF-PCA,False,test_rmse,0.20029847574101237,0.02234966158865793,0.1716637323646885,0.17887649425060398,0.19908747525947906,0.2237577741787588,0.2331693793367087
HNS,Manganese,RF-PCA,True,test_rmse,0.2711434826447442,0.04314128240999956,0.1908599713205567,0.24686625665675554,0.2587099425757675,0.30611342195958036,0.3528357828936082
HNS,Manganese,XGB-PCA,False,test_rmse,0.20981100507051648,0.02605387209674771,0.1596758548039472,0.1890450743965735,0.2081271849978203,0.22362432120854975,0.2667249985586514
HNS,Manganese,XGB-PCA,True,test_rmse,0.27648184954201194,0.04153201472903075,0.2216677540359775,0.24400971830296062,0.26929632757921396,0.29932799095239715,0.3512585237662334
HNS,Iron,DL,False,test_rmse,0.14831648854098006,0.03374084189994872,0.0907628671855746,0.1208676899412651,0.1580804134950894,0.17825742826801164,0.1952860777510857
HNS,Iron,DL,True,test_rmse,0.2987272052563591,0.05184221038222784,0.2007506393228465,0.2645682886960504,0.3022686249258779,0.34141952496994193,0.3944018812985847
HNS,Iron,PLS,False,test_rmse,0.15600522691726595,0.049885237757023006,0.0717988728505985,0.1173419913021421,0.14747989072747947,0.18742198414126351,0.2646444355926582
HNS,Iron,PLS,True,test_rmse,0.27537436893619577,0.06758570621310431,0.171821655517367,0.21974049357206835,0.27254723794299385,0.32906307406354474,0.4045370590149651
HNS,Iron,RF-PCA,False,test_rmse,0.19474421300129616,0.03293563614296957,0.1344808314353517,0.1723906413487396,0.18960223913422597,0.22084763371661478,0.2642253805656412
HNS,Iron,RF-PCA,True,test_rmse,0.2200765641923596,0.04636879208393102,0.1298634431582086,0.19644156147470374,0.21743695127890394,0.2444873735453617,0.3278244006754345
HNS,Iron,XGB-PCA,False,test_rmse,0.16391485718656512,0.030234641314796716,0.1156156021795978,0.14454939546836065,0.1618878728452185,0.1875003586786314,0.2243100582792375
HNS,Iron,XGB-PCA,True,test_rmse,0.23811184653777362,0.05915379405889589,0.1465740806491612,0.19238391792880125,0.22862166830385233,0.29513901732302344,0.3379221220157003
HNS,Copper,DL,False,test_rmse,0.09231754131451947,0.00862285872645531,0.0787923597872402,0.08533170900076587,0.0912603388737864,0.09949277396009107,0.1083393585440568
HNS,Copper,DL,True,test_rmse,0.11385900872264092,0.018866496180730906,0.0842138632908234,0.10011530406484545,0.11492993550659635,0.12773671400710446,0.1518858677544903
HNS,Copper,PLS,False,test_rmse,0.09244731997608036,0.01308040784245102,0.0741674580795216,0.08052163271188975,0.09021723070515225,0.10527311440050943,0.1155453644663458
HNS,Copper,PLS,True,test_rmse,0.10185639604694555,0.016090119313273206,0.0821236164736246,0.09307493586850643,0.09609070836029905,0.10614478532934642,0.1408065883391612
HNS,Copper,RF-PCA,False,test_rmse,0.10084909298988427,0.015334798623160716,0.0740166404720503,0.09099997479831752,0.09958151101972795,0.1144370451283248,0.1265163902357877
HNS,Copper,RF-PCA,True,test_rmse,0.10051554570864707,0.013783134296491214,0.0706964657387411,0.09184385765552615,0.0992943405724375,0.10982496648476257,0.1293440296447147
HNS,Copper,XGB-PCA,False,test_rmse,0.09808015269237991,0.01514424698772619,0.0713574366123016,0.08672212949710288,0.0995320645450199,0.10864122256536637,0.1219144574942017
HNS,Copper,XGB-PCA,True,test_rmse,0.09687425999228197,0.017405607824240155,0.0712825689909354,0.0827629592242835,0.0954600603205537,0.11091040200057038,0.1301466279999254
HNS,Molybdenum,DL,False,test_rmse,0.019889219246306995,0.0034042249132521254,0.0142687116647119,0.01844260911825395,0.01910696624226075,0.0208642184232785,0.0268928701254756
HNS,Molybdenum,DL,True,test_rmse,0.04384714313457101,0.006448164912655802,0.0323219728976831,0.0392025155941857,0.043372318595100504,0.049152013893193576,0.0545119287589476
HNS,Molybdenum,PLS,False,test_rmse,0.01786539455628665,0.00533409956657436,0.0073763624037969,0.014558352025700074,0.0177144352266737,0.02031345189990695,0.0318694562951055
HNS,Molybdenum,PLS,True,test_rmse,0.03567914318256794,0.009934596679323464,0.0249718551314838,0.02865174101141515,0.0337320048660187,0.03835748111369143,0.0696724795114102
HNS,Molybdenum,RF-PCA,False,test_rmse,0.01762646443094061,0.0034819246585173214,0.012240808052772,0.01568887413511185,0.0172783612520853,0.018590218423010323,0.0252649924786808
HNS,Molybdenum,RF-PCA,True,test_rmse,0.020215168674739863,0.003244549395607757,0.0144677726786465,0.017999355834691776,0.019793239777768652,0.022106456354447,0.0284658836510875
HNS,Molybdenum,XGB-PCA,False,test_rmse,0.016862043685610596,0.002914539758577508,0.013040415368224,0.0141362392859704,0.0168192902296153,0.018499530063251272,0.0227519588546949
HNS,Molybdenum,XGB-PCA,True,test_rmse,0.021531818315238614,0.003701664963250059,0.0143508618942278,0.0188210706825379,0.02175158660309305,0.024067199114372474,0.0287099482680179
HNS,pH,DL,False,test_rmse,0.31471999170516135,0.06027346810348647,0.20789980303648,0.2711457853933582,0.3264321505826887,0.36733054894339034,0.3871262016890848
HNS,pH,DL,True,test_rmse,0.7836035124238203,0.16246885477059192,0.5600250203392644,0.6491582788141875,0.7797081536989539,0.9042651217298179,1.1576615148644671
HNS,pH,PLS,False,test_rmse,0.32044052508124704,0.06498992977202799,0.2382228734591862,0.27509032327098093,0.3076145177933312,0.35315714885541694,0.492721936390487
HNS,pH,PLS,True,test_rmse,0.5190027647360824,0.16404997319136883,0.2698238426407304,0.4075349133302911,0.5056886764096267,0.6513874386134856,0.7773105062464383
HNS,pH,RF-PCA,False,test_rmse,0.26183995608512184,0.06599778828826532,0.1576798444105439,0.20446395605959983,0.25912992873776153,0.323716658607639,0.3629184856376385
HNS,pH,RF-PCA,True,test_rmse,0.3397706335808023,0.06787643161609261,0.2140455631681335,0.29683132115225863,0.3451676011068818,0.3592141780395413,0.4913721930764759
HNS,pH,XGB-PCA,False,test_rmse,0.2845828805939953,0.0683381171124062,0.1345039171091999,0.2375403249496027,0.2984936709782729,0.3351464237858963,0.4019376951027497
HNS,pH,XGB-PCA,True,test_rmse,0.42614137205488156,0.09265618538776763,0.2700992064068958,0.3689326589090847,0.4132592390115625,0.46120437558001887,0.6723195826831345
stream,Ammonium-N,DL,False,test_rsq,-1.884044685417819,3.3964760627691355,-10.71353936161129,-1.452726434638077,-0.36802706312753786,-0.15685634033470136,0.485116463727211
stream,Ammonium-N,DL,True,test_rsq,-1.0602388803613134,3.1050557853474254,-13.984745768396555,-0.4248679306287653,-0.17762348168313952,-0.07085316353353398,0.1733848606229615
stream,Ammonium-N,PLS,False,test_rsq,-1.1701451239127816,3.712477591526398,-16.824047712067706,-0.4612665436364632,-0.218904428919481,-0.06746727605020073,0.0265792970527362
stream,Ammonium-N,PLS,True,test_rsq,-1.7573095733151525,6.015582644588691,-27.080602504433404,-0.5146376977940542,-0.17432341042982463,-0.049220747160755945,0.1082504401151916
stream,Ammonium-N,RF-PCA,False,test_rsq,-1.0121493407332216,2.767458002307255,-11.914044226950796,-0.4400096818173085,-0.16811551439156747,-0.06645601488464815,0.182501033710336
stream,Ammonium-N,RF-PCA,True,test_rsq,-2.2039188522818534,8.000466988341513,-36.09635222765476,-0.7879473372467396,-0.148122526448464,-0.06250500574596542,0.161333603859437
stream,Ammonium-N,XGB-PCA,False,test_rsq,-2.528337047354225,6.015688105585855,-26.60758925567864,-1.1383974633261689,-0.4810963479899759,-0.22086489230988932,0.1048078134984085
stream,Ammonium-N,XGB-PCA,True,test_rsq,-3.338683375121287,12.859193252363953,-57.91488734444476,-0.7882785853288669,-0.3171903000284009,-0.1455245987791639,0.1937651156849998
stream,Nitrate-N,DL,False,test_rsq,-0.21344696175642963,4.067863822357861,-17.424730546944495,0.6337210383262696,0.8296121661220675,0.8960215560990715,0.9711546894803856
stream,Nitrate-N,DL,True,test_rsq,-18.97653565219506,62.595438290811174,-265.5920358086949,-0.7279557407893064,0.2784914405248917,0.5770914054644687,0.8920623475395711
stream,Nitrate-N,PLS,False,test_rsq,-0.2885971693310265,2.343039381923133,-8.630811406017875,-0.08521107689712795,0.7993449794453144,0.8499001974694486,0.9345559904753716
stream,Nitrate-N,PLS,True,test_rsq,-24.84335809800776,80.7101560789198,-359.5712574383683,-3.4785768492361777,-1.3675647487455462,-0.8596198102864974,0.2884750264129898
stream,Nitrate-N,RF-PCA,False,test_rsq,-0.7624593658581806,4.413113596831281,-18.93872469327325,0.173035117010414,0.5774446389584971,0.7436011063588666,0.8524114654291486
stream,Nitrate-N,RF-PCA,True,test_rsq,-12.448845203154878,37.77459019515665,-163.4619382033584,-2.2747661398698384,-0.09634865859111146,0.5441058899203477,0.8141664494526648
stream,Nitrate-N,XGB-PCA,False,test_rsq,-1.459841478541679,5.845602850443753,-24.165387658167585,-0.0337806496927966,0.45945465448997297,0.6561129853117489,0.8807490160165
stream,Nitrate-N,XGB-PCA,True,test_rsq,-15.624117567673887,53.22590902356752,-237.820098303306,-2.984760564569789,-1.1660616743444852,0.17692793725671668,0.7751062063208896
stream,TKN,DL,False,test_rsq,0.13930464212116275,0.3162824885837737,-0.4537257398066059,-0.034573296384627625,0.11768646657471754,0.35052565689896475,0.7545287263239671
stream,TKN,DL,True,test_rsq,-0.543163526785678,0.7429551249343448,-2.819219178182696,-0.9084295213176844,-0.40232148563164694,0.0378795432459343,0.357693231272648
stream,TKN,PLS,False,test_rsq,0.26619607090095243,0.17012406608683867,-0.011400935153683,0.1264071412304468,0.2840159048995012,0.40177833930066836,0.5120508596626763
stream,TKN,PLS,True,test_rsq,-6.034053275689911,6.603296849372877,-28.69639481738543,-6.382933763832356,-4.055531924783772,-2.5793047908063746,-0.737437899451693
stream,TKN,RF-PCA,False,test_rsq,0.23242455654334515,0.24202166276466536,-0.4416793629088198,0.08479044057618942,0.28208059143973613,0.38700554498451967,0.5921033471190766
stream,TKN,RF-PCA,True,test_rsq,-3.2152001957377294,2.176154086562887,-7.386655072405494,-4.429661756325956,-3.065995076733386,-1.3120417290249922,-0.1360828603374984
stream,TKN,XGB-PCA,False,test_rsq,0.17456628895662793,0.29924284455943484,-0.7049525023765222,0.0843291828689265,0.2306331624483411,0.35326193042525533,0.5750030959331945
stream,TKN,XGB-PCA,True,test_rsq,-3.8360156284309,2.8544883805693293,-10.475005222714428,-6.000779371912988,-3.1006367682905744,-1.7559998525142366,-0.0012992918361551
stream,ON,DL,False,test_rsq,-0.5015111408415006,0.6808141235808521,-2.514024968077724,-0.9294404154776372,-0.4207221985416302,0.047807375990448424,0.2879556718151378
stream,ON,DL,True,test_rsq,-1.6510787848305335,1.4613526366731273,-4.165331680799481,-3.0112113535286804,-1.5504919300703175,-0.2615331170948456,0.2480066993939033
stream,ON,PLS,False,test_rsq,0.0868579965565511,0.3713165901933409,-0.9816193729116568,0.03354940045012045,0.1280984800097385,0.3311944132987181,0.6084250651405607
stream,ON,PLS,True,test_rsq,-6.071020360403492,5.396372372393636,-23.94174619184184,-7.159216418563916,-4.616062578810469,-3.225963379473302,-0.2423808408024059
stream,ON,RF-PCA,False,test_rsq,0.08063470586870773,0.15890852429327626,-0.2216937811623913,-0.016978714381767176,0.0925987312475206,0.17182669544883009,0.3159627201142747
stream,ON,RF-PCA,True,test_rsq,-2.249974929828016,1.8292184233708535,-7.325727078626761,-2.889505507815879,-1.9359184310306174,-1.014207854672542,-0.2767780827030648
stream,ON,XGB-PCA,False,test_rsq,0.0379352944305719,0.2651795720530287,-0.5889759360314977,-0.11335419486775469,0.026302980180806148,0.27278704824780137,0.4067915482848689
stream,ON,XGB-PCA,True,test_rsq,-5.3039828586822475,6.667674468037743,-28.245737770023204,-6.724547876179724,-3.405574576676589,-0.9853210238760921,-0.080033621954473
stream,TN,DL,False,test_rsq,0.6991160924121699,0.23015893404937907,-0.0555575559868877,0.6273227208370039,0.7408036959533124,0.8440531296035441,0.9387157658019568
stream,TN,DL,True,test_rsq,0.14507532288898037,0.8538003253079663,-2.607033027657569,0.21798782295137165,0.4017246544006946,0.6282118453245737,0.7790329197902623
stream,TN,PLS,False,test_rsq,0.6796160726197724,0.2604479889433663,0.0815050251777899,0.683985090475874,0.7685395991726292,0.8492053540935152,0.9440865651316318
stream,TN,PLS,True,test_rsq,-2.0989935044229573,2.36917726240707,-10.630175404552558,-2.589944219100114,-1.4379307535777817,-0.609786300669743,0.0640144661731235
stream,TN,RF-PCA,False,test_rsq,0.48750172410758214,0.15671482737827874,0.1517340958666287,0.4105428524410839,0.4826059161542886,0.5676751084563456,0.7454417598939993
stream,TN,RF-PCA,True,test_rsq,-0.22087602907262355,1.6012602684764212,-4.770310819483841,0.028652867214384276,0.4411405598537528,0.6117227524842088,0.8491332557915212
stream,TN,XGB-PCA,False,test_rsq,0.46341479164328786,0.42157915453623634,-0.8530204075874501,0.36264085940779045,0.5824119053371983,0.7697256392416775,0.814790078832361
stream,TN,XGB-PCA,True,test_rsq,-0.23407832396822287,2.093627858457596,-6.790738517649766,0.014204083707967628,0.5896860906072476,0.7759666558438642,0.8927173273221338
stream,Phosphate-P,DL,False,test_rsq,-0.7857938917900155,1.0686693290083231,-4.797694552222403,-0.9371987289947467,-0.6436056141612543,-0.2203269783893918,0.2812346429330139
stream,Phosphate-P,DL,True,test_rsq,-0.24916623815767638,0.5051547465313417,-2.0917332701096245,-0.37556510850458014,-0.1884253501527568,0.010607313400153827,0.4889421299942837
stream,Phosphate-P,PLS,False,test_rsq,-0.30579692765899724,0.33092775986813144,-0.9764936702084084,-0.4233942562427732,-0.2431017506838207,-0.06297314230528858,0.1075312060686279
stream,Phosphate-P,PLS,True,test_rsq,-0.1465147643292907,0.18188512002550794,-0.5428416979789172,-0.2349965925501892,-0.105663051149201,-0.021393560551644923,0.0763343397061463
stream,Phosphate-P,RF-PCA,False,test_rsq,-0.14964327373111028,0.2553996570481092,-0.8253745569068995,-0.27593865432128767,-0.06559235793765644,-0.008479788032388325,0.1743372555238198
stream,Phosphate-P,RF-PCA,True,test_rsq,-0.12811962859229592,0.28866446068105805,-1.1749059019676178,-0.1785339453344444,-0.0628383656707178,0.04472575395824762,0.1613443955748327
stream,Phosphate-P,XGB-PCA,False,test_rsq,-0.31258200018042837,0.46973020485729833,-1.4470456820865634,-0.37092684642891166,-0.1185903300905177,-0.039018624449168746,0.1383235918954831
stream,Phosphate-P,XGB-PCA,True,test_rsq,-0.2052615823216692,0.28740642562638136,-0.8212748286938103,-0.4464607462948265,-0.1516937133939584,-0.01478036488340915,0.3066819307920388
stream,TP,DL,False,test_rsq,-0.33179092999173554,0.5885086944390772,-1.8869568113764537,-0.4919998924879912,-0.1159684597830973,-0.030273029065109175,0.4273720444253256
stream,TP,DL,True,test_rsq,-0.16938509214117925,0.2588778913231558,-0.6182560877644399,-0.3569702133565163,-0.14168862076401476,0.033216033310142626,0.3401978090285755
stream,TP,PLS,False,test_rsq,-0.5176891975792899,0.8063850246825112,-2.842916125505349,-0.8268426629919778,-0.1450564593298873,-0.0238445237002843,0.2372850254062617
stream,TP,PLS,True,test_rsq,-0.14503075834349546,0.23965768525739847,-0.9190280662553084,-0.17488104756845674,-0.05669921896349735,-0.0114810909439078,0.0797423099416649
stream,TP,RF-PCA,False,test_rsq,-0.10971293645561257,0.33019674106181257,-1.1605501573733452,-0.22139237351459912,-0.04972913819317695,0.1022116744682281,0.2521825808808493
stream,TP,RF-PCA,True,test_rsq,-0.12046968455933846,0.19206678599241944,-0.5764119941764676,-0.24788992586972838,-0.09449034540255269,0.0507493178079874,0.1561384167994205
stream,TP,XGB-PCA,False,test_rsq,-0.26626785284072485,0.4827246877190545,-1.2925807166182597,-0.6042936474758742,-0.14422254963095021,0.04498465812655738,0.387863238942022
stream,TP,XGB-PCA,True,test_rsq,-0.17560486497499844,0.43413847238581044,-1.640048523584476,-0.33429213788986184,-0.0457754144171829,0.0263361677561918,0.4358129641553239
stream,OP,DL,False,test_rsq,-0.11417573692273816,0.11470222522005476,-0.4429761122457885,-0.16207222859439913,-0.0714772838014585,-0.02470368545966825,-0.0095888494994269
stream,OP,DL,True,test_rsq,-0.24669952304869014,0.2701746975872303,-0.8852806546752532,-0.3361323208437572,-0.17115821890656402,-0.030000303279089223,-0.0002551038215887
stream,OP,PLS,False,test_rsq,-0.4106908470365105,0.3776383864970304,-1.294156630293492,-0.5371499979502844,-0.2551068252754557,-0.1866367183732655,-0.0183239842665239
stream,OP,PLS,True,test_rsq,-0.4659818321603392,0.3559465743132356,-1.0091072337728972,-0.8150579877665924,-0.3896364071141364,-0.17468356374646454,0.135940118128611
stream,OP,RF-PCA,False,test_rsq,-0.10079690293863845,0.08464517638041395,-0.3562168400521048,-0.14052790084652492,-0.08715924800693925,-0.038813814563435196,0.0062105174220704
stream,OP,RF-PCA,True,test_rsq,-0.16455688918634256,0.19319693270908508,-0.7414075052205473,-0.22002188615433466,-0.1372263399127838,-0.033758577769355105,0.0793317674562463
stream,OP,XGB-PCA,False,test_rsq,-0.42705498120932806,0.4863124908723308,-2.150476906869911,-0.5172213186852777,-0.3052886036222528,-0.16875967082750382,0.1572543900133373
stream,OP,XGB-PCA,True,test_rsq,-0.22299562539647105,0.1931875641205101,-0.6444444520364296,-0.3306085436930265,-0.23226344863347936,-0.12957052605161415,0.235145281395962
HNSd30,Nitrate-N,DL,False,test_rsq,-2.409601393687736,6.772018042071347,-30.75948536463668,-0.9916019236736334,-0.7947074605292426,-0.2680296584781838,0.3369569568049614
HNSd30,Nitrate-N,DL,True,test_rsq,-0.4184325118579416,0.601511719735696,-1.6913066871368438,-0.9181802254790282,-0.40662792187941604,-0.021831209847210348,0.4942939023413948
HNSd30,Nitrate-N,PLS,False,test_rsq,-0.5598513948507138,0.5963560676010602,-2.080827644036174,-0.7291701321776209,-0.38503148493463424,-0.12815293864332714,0.1023359827219623
HNSd30,Nitrate-N,PLS,True,test_rsq,-0.25369747896276384,0.5182860791572521,-1.6713518484764105,-0.5383287064720155,-0.10802154618158849,0.1675920614217643,0.3365704578759674
HNSd30,Nitrate-N,RF-PCA,False,test_rsq,-0.05023099516378513,0.25377050962443265,-0.7207058731598912,-0.16855879511812244,0.0018896223707342008,0.1298584448153955,0.2657912840713
HNSd30,Nitrate-N,RF-PCA,True,test_rsq,-0.377292848235538,0.4694766955372104,-1.7324715514339997,-0.4731699784973685,-0.34123736109392955,0.0016940358595519001,0.1081761457064248
HNSd30,Nitrate-N,XGB-PCA,False,test_rsq,-0.09444733403853646,0.27398332717445595,-0.5963790597547565,-0.26613193261859197,-0.08213486794894645,0.1140403232983494,0.4541732239303755
HNSd30,Nitrate-N,XGB-PCA,True,test_rsq,-0.6490936363500001,0.6658773653420198,-2.164026466,-1.1576621464999999,-0.467074915,-0.10119177075,0.195266592
HNSd30,Sulfate,DL,False,test_rsq,-1.7812280296607494,5.10508305658865,-22.58470235159213,-0.9012940135085663,-0.2760233332284512,0.06321761671504544,0.4052992080832336
HNSd30,Sulfate,DL,True,test_rsq,-3.727153267157315,3.037795145961793,-11.434667619642036,-4.645964641116118,-3.1348669347463343,-1.7876675794919814,0.289664831016277
HNSd30,Sulfate,PLS,False,test_rsq,-0.26036381514012114,0.7476991336332786,-2.7696481903354,-0.3154317276128263,-0.1743453336773746,0.0686833484077536,0.5381133467142682
HNSd30,Sulfate,PLS,True,test_rsq,-1.0185091386875391,2.4761964539180474,-11.226100926773302,-0.7908950338287684,-0.2991292293322221,-0.03885909445440347,0.1273211682988595
HNSd30,Sulfate,RF-PCA,False,test_rsq,0.08013377554010799,0.23734148122644286,-0.5588829377759863,0.0353624718130016,0.1559523168558849,0.22867227157548223,0.4119101903026996
HNSd30,Sulfate,RF-PCA,True,test_rsq,0.03402865239534238,0.25260441717563664,-0.5740751390054897,-0.10229473183288625,0.0922245008440509,0.2167644760579125,0.4534484980390904
HNSd30,Sulfate,XGB-PCA,False,test_rsq,-0.01281111492511407,0.3670494704124347,-0.7200330629624003,-0.16293241000222775,0.10360829970857316,0.257223823522911,0.45055952438776
HNSd30,Sulfate,XGB-PCA,True,test_rsq,-0.1562532957215722,0.39589790414152914,-1.1450567460872594,-0.34552124188413513,-0.06827822222562624,0.072834598977238,0.5419971265197221
HNSd30,Ammonium-N,DL,False,test_rsq,-3.5314099003313686,8.568402725335211,-37.66102189626847,-1.653194387627945,-0.9810241397400936,-0.5854519135953051,-0.1940501414117483
HNSd30,Ammonium-N,DL,True,test_rsq,-8.428504626946301,27.68172692790833,-125.5715292831985,-2.8987655908053247,-1.8011578849055576,-0.746898391884452,-0.0421995479651751
HNSd30,Ammonium-N,PLS,False,test_rsq,-2.800484024055707,8.440779272498023,-37.20442527782945,-0.461942406432157,-0.1829538078819984,-0.09033379028458802,-0.0113376181102562
HNSd30,Ammonium-N,PLS,True,test_rsq,-7.499400811519665,24.897153617037276,-112.73777134549992,-2.0469979011578983,-1.4233635837337668,-1.0368948472605881,-0.216727231210978
HNSd30,Ammonium-N,RF-PCA,False,test_rsq,-1.898638559745568,7.086886348740428,-31.71279169939919,-0.24363808304771808,-0.1250417346883059,-0.05251110252709683,0.2722994299433247
HNSd30,Ammonium-N,RF-PCA,True,test_rsq,-8.67722501828613,31.521426535945114,-142.2759917620301,-1.6268171004393133,-1.146946920098259,-0.763326017985851,-0.1392028367894602
HNSd30,Ammonium-N,XGB-PCA,False,test_rsq,-2.204730572686632,8.198789748623637,-37.00904326018504,-0.470206570624273,-0.27425166741039175,-0.1948842102274729,0.0071924642708033
HNSd30,Ammonium-N,XGB-PCA,True,test_rsq,-10.659581859899998,40.46496217629773,-182.2576289,-1.877810297,-1.077692237,-0.50504889025,-0.165843666
HNSd30,Phosphorus,DL,False,test_rsq,-2.050954480367598,2.7794439679849265,-9.72887210894826,-2.357589241823428,-0.8807120612431392,-0.338403955898656,0.0330549004408069
HNSd30,Phosphorus,DL,True,test_rsq,-4.423395152859528,3.788043724230695,-11.468139283850288,-6.7498926175241385,-3.320393662806528,-1.5733603758162054,0.249489514676039
HNSd30,Phosphorus,PLS,False,test_rsq,-0.6288785807601158,1.1305354499366553,-3.400709763123567,-0.5339008921726605,-0.11499481291251985,0.032954139368181874,0.2206504608706866
HNSd30,Phosphorus,PLS,True,test_rsq,-1.1967985592699315,1.2531903055917397,-5.326138418340089,-1.3676235544630302,-0.9065014958111373,-0.36712970389765887,-0.0497437049684297
HNSd30,Phosphorus,RF-PCA,False,test_rsq,-0.1926757552593918,0.40558694889210234,-1.4248419306559934,-0.26106625394673194,-0.07940572817112555,0.009502600962745024,0.3033555593310892
HNSd30,Phosphorus,RF-PCA,True,test_rsq,-0.3374363263592169,0.39415841569005694,-1.3974740233452,-0.5725684147135648,-0.2148322508926184,-0.035800191658666145,0.1846441461443968
HNSd30,Phosphorus,XGB-PCA,False,test_rsq,-0.44833324437334976,0.6496426613557288,-1.8202183099598703,-0.7752788609880368,-0.2242966212049316,0.03351138338666005,0.2602194843731222
HNSd30,Phosphorus,XGB-PCA,True,test_rsq,-1.0791973571499998,1.6132763145254085,-6.022383131,-1.7704998457499999,-0.388752158,-0.10852302225,0.132136104
HNSd30,Potassium,DL,False,test_rsq,-0.8012086225023201,1.0221387773516404,-3.937235981633351,-1.2608070050598614,-0.7433399129508562,0.015434348317594201,0.368163104870492
HNSd30,Potassium,DL,True,test_rsq,-1.941661039384257,1.2808168311562975,-4.487664058989544,-2.7540501525489782,-1.9414618219115676,-1.2679048958641466,0.1303357314260732
HNSd30,Potassium,PLS,False,test_rsq,-0.5455275127999967,0.5140601736523027,-1.7283175767546544,-0.896005335883917,-0.4633630371021837,-0.2726965524678977,0.3042432710861272
HNSd30,Potassium,PLS,True,test_rsq,-1.0909555027636328,1.0964237348665453,-3.799086003963355,-1.4771310966757691,-0.8238921057797866,-0.28348017251119456,0.0351572567685778
HNSd30,Potassium,RF-PCA,False,test_rsq,-0.06175319034458393,0.2901978541194264,-0.9530088866929772,-0.09542188417245157,0.04455298677206265,0.0730417191116509,0.3184811989363822
HNSd30,Potassium,RF-PCA,True,test_rsq,-0.6884587184035015,0.5511866295616991,-1.9131731558785303,-0.9752208797148876,-0.5687444478471968,-0.3547199095287999,0.1212012245311207
HNSd30,Potassium,XGB-PCA,False,test_rsq,-0.4381737933464526,0.8426984681002581,-2.8279259639266945,-0.8749146561425318,-0.08076611441225254,0.08985282684066176,0.500986511214525
HNSd30,Potassium,XGB-PCA,True,test_rsq,-0.9108594460000001,0.6677989758600524,-2.903412209,-1.24544789175,-0.8308758425,-0.50412113525,0.154874304
HNSd30,Calcium,DL,False,test_rsq,-0.37932839698162224,0.5351449216282137,-1.9459467783190147,-0.48020458013676703,-0.260414105695291,-0.0535734993359752,0.2935612032725928
HNSd30,Calcium,DL,True,test_rsq,-1.7438645846136331,2.0291308846897156,-7.921057595179548,-2.032035866320323,-1.0501104835827024,-0.3905615233070504,-0.0218651763430897
HNSd30,Calcium,PLS,False,test_rsq,-0.28773404155268395,0.6454876913030938,-2.4054897213659885,-0.3418187163570804,-0.14411515553501997,0.0431488455022353,0.4153918341437984
HNSd30,Calcium,PLS,True,test_rsq,-0.631211424910892,0.79223901665987,-2.570022363517054,-0.9933450236060724,-0.2784761134983837,-0.11408363546737019,0.2648409434630198
HNSd30,Calcium,RF-PCA,False,test_rsq,0.01653572859574346,0.19604362853021312,-0.5395136042567712,-0.044949922945198006,0.038526479029338104,0.13614057362847812,0.4141147420613439
HNSd30,Calcium,RF-PCA,True,test_rsq,-0.2550675460284681,0.566279480211077,-2.2314327127863858,-0.31401131887491274,-0.12322687697443155,0.09330330846238982,0.2714636116787952
HNSd30,Calcium,XGB-PCA,False,test_rsq,-0.047543186635414,0.2834662021786295,-0.774942513709642,-0.20336700042472905,-0.0322147182644959,0.18903696731040226,0.474640317516933
HNSd30,Calcium,XGB-PCA,True,test_rsq,-0.5219148432,0.6436437185277842,-1.936495886,-0.8253165097499999,-0.35368877499999996,0.0239275195,0.252954882
HNSd30,Magnesium,DL,False,test_rsq,-0.3708850480366309,0.7289654780250019,-2.1585932580572784,-0.6960955705714194,-0.13043881653026096,0.11787386031397437,0.4983434976481558
HNSd30,Magnesium,DL,True,test_rsq,-3.352688729686694,3.0719860451349876,-11.6251407226617,-3.82295858826288,-2.4142643590941892,-1.562821534880284,0.3116135324714896
HNSd30,Magnesium,PLS,False,test_rsq,-0.2081566105195601,0.8626302519250098,-3.245153389277738,-0.21407342373394195,-0.053564815724977705,0.20211981241257915,0.5876708325270069
HNSd30,Magnesium,PLS,True,test_rsq,-0.24542289488498142,0.3896914459928789,-1.0851821678211833,-0.5320351506925272,-0.0747498040859233,0.020679320390906777,0.238101413694893
HNSd30,Magnesium,RF-PCA,False,test_rsq,0.0882374637887018,0.24985188836928032,-0.4606318392928827,-0.14089394353603885,0.14377581182452226,0.25762317212732677,0.490482081613772
HNSd30,Magnesium,RF-PCA,True,test_rsq,0.07050132742128282,0.2997951771826072,-0.585812763005481,-0.03718789188016025,0.15477516183062168,0.2556073222822056,0.5195694838483449
HNSd30,Magnesium,XGB-PCA,False,test_rsq,-0.12054325205093068,0.4602958551156784,-1.2454671926214584,-0.30795180281710344,0.0688204952034719,0.20729819344241482,0.3623765797145812
HNSd30,Magnesium,XGB-PCA,True,test_rsq,-0.28665455175,0.738575258556927,-2.971757977,-0.39319767875,-0.16488988799999998,0.13416717025,0.412581811
HNSd30,Boron,DL,False,test_rsq,-2.123994254788629,2.5256404545195505,-10.16751959979848,-2.7118509701360054,-1.853748735366641,-0.09453169980880458,0.1644549761455901
HNSd30,Boron,DL,True,test_rsq,-5.397795878452109,4.268625814624977,-19.67172443040159,-6.299584354013015,-5.717255293441841,-3.675881642651396,0.303062411715682
HNSd30,Boron,PLS,False,test_rsq,-1.5170869949024355,2.702905419820633,-9.183014000747184,-0.7826310094993978,-0.4238103028976554,-0.039143761117710674,0.326499072696499
HNSd30,Boron,PLS,True,test_rsq,-0.38634213363714504,0.7438602503505722,-3.086988170616581,-0.3283571367702887,-0.11008229160271704,-0.07574634478548332,0.0120409547274975
HNSd30,Boron,RF-PCA,False,test_rsq,-0.2376386958741714,0.42159284950666204,-1.3775537234045483,-0.2912915066492877,-0.09273067509032895,0.0187157045066221,0.1595649797630243
HNSd30,Boron,RF-PCA,True,test_rsq,-0.22271412879780614,0.3283972111303353,-1.2539617802492595,-0.2604620387424454,-0.13554572167441092,0.0012851561189504,0.1042573976896661
HNSd30,Boron,XGB-PCA,False,test_rsq,-1.7701697453600782,2.629553965072597,-11.073365539999294,-2.234688922392001,-0.8390784662132841,-0.17418962669993043,0.0399101365074698
HNSd30,Boron,XGB-PCA,True,test_rsq,-0.5612067395,0.5935329582601468,-2.123078905,-0.70634346125,-0.38074575499999996,-0.17146199475,0.040929022
HNSd30,Zinc,DL,False,test_rsq,-0.5967705026199153,1.1239252956972945,-3.60435561936724,-0.7130498554717974,-0.20344538956395736,0.11099703113933151,0.6032533723734014
HNSd30,Zinc,DL,True,test_rsq,-2.1129328624914514,2.189831601937275,-6.962504566076196,-3.045692077414491,-1.5938604320143759,-0.39004864811596557,0.2939753035213812
HNSd30,Zinc,PLS,False,test_rsq,-0.1413428102178978,0.41496855077643774,-1.3672767015528118,-0.3785544791323386,-0.06921873965888775,0.154064712360414,0.4416669942251284
HNSd30,Zinc,PLS,True,test_rsq,-1.730565421527319,1.2907469683677284,-5.340547557438756,-2.621121813257525,-1.1590030550477648,-0.7647637792818073,-0.3645831121627549
HNSd30,Zinc,RF-PCA,False,test_rsq,0.1495833242163749,0.22414769771945156,-0.2350712629310529,-0.0400802960929796,0.19996412294409885,0.30016236980052713,0.4836650593209354
HNSd30,Zinc,RF-PCA,True,test_rsq,-0.783334763332249,0.7622240822709077,-2.257287156375034,-1.260327963721938,-0.6949641851024079,-0.13907803728559198,0.3608717555947436
HNSd30,Zinc,XGB-PCA,False,test_rsq,-0.1627990069442419,0.4733857788432302,-1.2759441189607754,-0.3183898578359733,-0.04879575555859905,0.16149331758842417,0.4361431900517807
HNSd30,Zinc,XGB-PCA,True,test_rsq,-2.2031439978,1.464579379920566,-5.450149375,-2.92184491775,-2.047214887,-1.2041367644999998,0.326500993
HNSd30,Manganese,DL,False,test_rsq,-1.1918969832810096,0.716755539135969,-2.656671379026977,-1.7375635124966187,-1.1302641649563965,-0.6913947923631685,0.0685039426476401
HNSd30,Manganese,DL,True,test_rsq,-4.300699954527166,2.3883789246668683,-9.902158367428402,-5.254730014665222,-4.3618732892924825,-2.655303856513153,-0.843487364767846
HNSd30,Manganese,PLS,False,test_rsq,-0.35593947223795336,0.6090619061687302,-2.516145634822703,-0.3888461496666591,-0.16563547014847702,-0.004128108683322725,0.0831975875076226
HNSd30,Manganese,PLS,True,test_rsq,-3.3226762772984224,1.9506975419186607,-7.942966268476225,-4.838880941069005,-2.847389574159853,-1.6926049988004763,-0.5633267002721722
HNSd30,Manganese,RF-PCA,False,test_rsq,-0.17379116131046257,0.1487410142074533,-0.5669567018688566,-0.22847577732537114,-0.15546142416125786,-0.10786037963147588,0.0330058086608004
HNSd30,Manganese,RF-PCA,True,test_rsq,-2.0830933790198745,1.1370077538859746,-4.190655858842534,-2.74347996297065,-1.7905786366561778,-1.2169337911225138,-0.4505937887220821
HNSd30,Manganese,XGB-PCA,False,test_rsq,-0.3857445042989841,0.2855535069414,-0.9377161462923176,-0.4979827557011493,-0.33986117028510304,-0.1975068702177747,0.0959958252170335
HNSd30,Manganese,XGB-PCA,True,test_rsq,-1.94353153985,0.9642591108781688,-4.110452744,-2.5579913725,-1.68084554,-1.2589157725,-0.767061439
HNSd30,Iron,DL,False,test_rsq,-0.2213533609252834,0.662590190062289,-1.7911027630178735,-0.5057515251499352,-0.0472588653804045,0.2646736941637128,0.5093809372774968
HNSd30,Iron,DL,True,test_rsq,-4.988833242670686,4.641666834398926,-20.343428581817086,-7.679808861220953,-3.1930599391057957,-1.998309094948232,-0.5238886978764863
HNSd30,Iron,PLS,False,test_rsq,-0.3804920120558319,1.1904318252718242,-4.837237014493765,-0.3298475740158483,-0.028823590022270702,0.14180022037427473,0.5233825684252658
HNSd30,Iron,PLS,True,test_rsq,-4.267985572391333,4.191767085455704,-13.667973569917535,-6.361024210715608,-2.871060325151767,-0.9325208085325756,0.1672495518809266
HNSd30,Iron,RF-PCA,False,test_rsq,0.10490037368841562,0.2398029799342132,-0.6022210068418548,0.047548476404908446,0.14429067647262833,0.23715449750089596,0.4959157530113329
HNSd30,Iron,RF-PCA,True,test_rsq,-0.30543677296035665,1.247235123033367,-5.314046775854823,-0.279307058324656,-0.043699051216586654,0.25290958189664725,0.4427527889844989
HNSd30,Iron,XGB-PCA,False,test_rsq,-0.05663499073349989,0.43444568436424935,-1.4107786389959285,-0.28844696008544507,-0.01851761829998165,0.23877620192767174,0.4819156381465166
HNSd30,Iron,XGB-PCA,True,test_rsq,-0.9975470928500002,0.9889513907425909,-4.444090828,-1.329346701,-0.749900454,-0.42816113625,0.047822727
HNSd30,Copper,DL,False,test_rsq,-0.8220691356893873,0.963122402042018,-2.8123713658769707,-1.207924442042258,-0.441822399082487,-0.11592506566709601,0.2138091618644942
HNSd30,Copper,DL,True,test_rsq,-1.3343233049223007,0.8407598687089732,-2.960681998346465,-1.750261454772123,-1.3318564230363925,-0.8643304930098952,0.0814916554315786
HNSd30,Copper,PLS,False,test_rsq,-0.7656874087662214,1.5671513052217754,-7.115224487522298,-0.81143429952877,-0.27862162183354766,-0.07370243074920915,0.2580096522388825
HNSd30,Copper,PLS,True,test_rsq,-0.43035503063713343,0.36386627267591415,-1.595330728179411,-0.6129398538225053,-0.3125168513384041,-0.16773185570376223,-0.0752065071165135
HNSd30,Copper,RF-PCA,False,test_rsq,-0.2739003954218823,0.45108447394021484,-1.6492619173224172,-0.2111198498832536,-0.1263789274833455,-0.06813801447752604,0.1141973963956561
HNSd30,Copper,RF-PCA,True,test_rsq,-0.2602870125088151,0.30348074212437015,-1.2840876230716014,-0.3439978583865018,-0.17411136932115054,-0.11554140874622762,0.0611069328300508
HNSd30,Copper,XGB-PCA,False,test_rsq,-0.42713391237092946,0.6358397666980715,-2.8021386753419493,-0.5655892594912101,-0.25578201129517,-0.03334999803901875,0.0455961658011043
HNSd30,Copper,XGB-PCA,True,test_rsq,-0.25302830314999997,0.3225774682299533,-1.103094554,-0.445054318,-0.173781931,-0.014279964249999999,0.158819798
HNSd30,Molybdenum,DL,False,test_rsq,-0.08622943529267504,0.10753016269291392,-0.329025874053841,-0.11998188338889312,-0.05632164049010255,-0.00135881227038435,-0.0002135022360838
HNSd30,Molybdenum,DL,True,test_rsq,-4.318262228691897,1.684088254538609,-8.238743085402767,-5.2641004297762555,-3.967796219916576,-3.1392797784361246,-2.127752476115063
HNSd30,Molybdenum,PLS,False,test_rsq,-0.13196732946877368,0.20828615531675956,-0.7312856307110511,-0.23597776769161707,-0.14202023732198749,0.03438096243195485,0.136218646959386
HNSd30,Molybdenum,PLS,True,test_rsq,-2.31433460093197,1.737088451758461,-7.963266529911522,-2.926467280346218,-1.7382515419319424,-1.284362653061016,0.1374101189950334
HNSd30,Molybdenum,RF-PCA,False,test_rsq,-0.0220224125771269,0.160973487055874,-0.3489081317115559,-0.12444641399922957,0.01136726154964935,0.09315097263975959,0.2750357402532771
HNSd30,Molybdenum,RF-PCA,True,test_rsq,-0.18389769642052817,0.23919649468787108,-0.8585784625413733,-0.30950426216264065,-0.13308904972448085,-0.04687644214679712,0.147532957788365
HNSd30,Molybdenum,XGB-PCA,False,test_rsq,-0.12408040166882253,0.267339704981787,-0.629050692502849,-0.25985394470578915,-0.0994756189185025,0.041243203825456876,0.3346026060973016
HNSd30,Molybdenum,XGB-PCA,True,test_rsq,-0.3236803962,0.5934590659536398,-2.422117642,-0.4037109675,-0.10809971099999999,-0.031690686499999995,0.319273448
HNSd30,pH,DL,False,test_rsq,-2.1429909862748646,2.4398332714804942,-9.508743278513132,-2.621177655102729,-1.63080531769487,-0.40778456710308275,0.0308422174423521
HNSd30,pH,DL,True,test_rsq,-8.879856885206618,7.592805744479892,-32.1856913885896,-13.858613935373889,-5.762804415675946,-4.144494405080348,-1.4430749610713145
HNSd30,pH,PLS,False,test_rsq,-0.7473901863830805,0.8028273026822897,-2.525879107103989,-0.9115594731579498,-0.36992979706009044,-0.2394121780380029,0.0957191060643584
HNSd30,pH,PLS,True,test_rsq,-0.9154542066166288,0.9510272859947897,-3.20432080235436,-1.2351090706239192,-0.641980759562184,-0.24781023573999272,0.0856860106910022
HNSd30,pH,RF-PCA,False,test_rsq,-0.30440180177352777,0.35814424679350504,-1.332140314969422,-0.34736600912797355,-0.2564582741131619,-0.09958302605580142,0.1569069868232243
HNSd30,pH,RF-PCA,True,test_rsq,-0.5895446833371308,0.5827657519745494,-1.8571860038825632,-0.9719933622231609,-0.47720232668624885,-0.1618651503821991,0.4075088394370779
HNSd30,pH,XGB-PCA,False,test_rsq,-0.5684236862042397,0.676018606455435,-2.4044129879849967,-0.675021685950576,-0.5052730825994431,-0.15987588001121816,0.2446491705876152
HNSd30,pH,XGB-PCA,True,test_rsq,-1.4702292204499998,1.0394700425366366,-3.858198139,-2.08754180575,-1.5657869645,-0.799888837,0.142078373
HNS,Nitrate-N,DL,False,test_rsq,-14.273586157659087,43.477658164288776,-173.99199618128438,-0.5977297525798997,-0.17960711180896935,0.1513148927041826,0.3841547308453793
HNS,Nitrate-N,DL,True,test_rsq,-0.10576311063229885,0.43454022587390156,-0.996467844118838,-0.33014226079759573,-0.10331684144212916,0.2261986170144778,0.5072010371278811
HNS,Nitrate-N,PLS,False,test_rsq,-0.16959895220411264,0.4932661308246845,-1.738269331071141,-0.26949789082777204,-0.1219219426632509,0.14773582498959226,0.4419015054570645
HNS,Nitrate-N,PLS,True,test_rsq,0.059567391396661784,0.247982046094926,-0.3601735878090966,-0.1437830692275222,0.0586254545980759,0.20471318435893499,0.4872751998595882
HNS,Nitrate-N,RF-PCA,False,test_rsq,-0.08696909723648219,0.40941355413693653,-1.5501138282103706,-0.0869361533570191,-0.0296633558486072,0.09568777616851168,0.3624553958364683
HNS,Nitrate-N,RF-PCA,True,test_rsq,-0.0845447317268039,0.3754571939249931,-1.090327165388429,-0.26139093956542575,-0.010532605392816502,0.23273699177676127,0.364538626292473
HNS,Nitrate-N,XGB-PCA,False,test_rsq,-0.23287175170930374,0.5047373846763186,-1.8866221390741829,-0.41057184330510943,-0.1281442915191155,0.14433371764203107,0.3390122603844229
HNS,Nitrate-N,XGB-PCA,True,test_rsq,-0.29204099566059266,0.3973063769444726,-1.2506805707486048,-0.5687433187476668,-0.246724604357555,0.019130092785348,0.3230093620435829
HNS,Sulfate,DL,False,test_rsq,0.555822015632373,0.5486365021232292,-1.5026120689445,0.6271852968286418,0.7187452642605282,0.7967411363911833,0.9284647377347196
HNS,Sulfate,DL,True,test_rsq,-1.7203145050439783,1.3276256093231904,-4.410106455189812,-2.496484978211315,-1.848293286670924,-0.7905066411250996,0.3941057447752973
HNS,Sulfate,PLS,False,test_rsq,0.7614353001404711,0.10454156341114323,0.5116196884501553,0.7033953671987785,0.7691712807972124,0.8228731527519557,0.9468622086598956
HNS,Sulfate,PLS,True,test_rsq,0.1654975536086244,0.15836052011429755,-0.3450916170594811,0.09050224249305237,0.17400353673967994,0.25679403492128017,0.3952412688239552
HNS,Sulfate,RF-PCA,False,test_rsq,0.5527586768505645,0.1773855040945349,0.167802480239262,0.4642168816846255,0.6010531739335163,0.6859464978067593,0.756753538088643
HNS,Sulfate,RF-PCA,True,test_rsq,0.29705202083347026,0.21493788106416825,-0.2225645862689873,0.20066052699589654,0.34206310220158004,0.4067259532573443,0.6062637649403453
HNS,Sulfate,XGB-PCA,False,test_rsq,0.6539287338765446,0.15333246713002247,0.3587115421206278,0.565386347421122,0.7053962452832789,0.7576182009116039,0.8520995710684887
HNS,Sulfate,XGB-PCA,True,test_rsq,0.09154089567229039,0.3630385570747562,-0.8116202423526548,0.023011968950160774,0.10896938644314105,0.393734001117561,0.5257515014614522
HNS,Ammonium-N,DL,False,test_rsq,-0.01912282617098373,0.4219410213834592,-0.8712359047667415,-0.19078326290737735,0.007952680469292497,0.2627517083823644,0.6471051937672785
HNS,Ammonium-N,DL,True,test_rsq,-0.3905824725992638,0.3343253269217173,-1.248656225257902,-0.5967333846436349,-0.3030085338547292,-0.18015721156868122,0.1622400098171884
HNS,Ammonium-N,PLS,False,test_rsq,-0.09459818633814199,0.29091599129395124,-0.9237169995086204,-0.23604308364143217,-0.07758702329529935,0.06580847754138097,0.40403959216371
HNS,Ammonium-N,PLS,True,test_rsq,-0.4817171366135161,0.6649020394909907,-2.029258717929796,-0.8734746848420462,-0.33646634465980974,-0.03725646994022025,0.3091959994313042
HNS,Ammonium-N,RF-PCA,False,test_rsq,-0.023828238451224525,0.266487912400864,-0.6360370490279432,-0.20568527741804013,0.021759846964033602,0.1457415229502084,0.3867896943424826
HNS,Ammonium-N,RF-PCA,True,test_rsq,-0.16201218247310384,0.7360145202778803,-2.1310883328556858,-0.14758334640927753,0.11193545042408395,0.29969803925246624,0.4185431314507518
HNS,Ammonium-N,XGB-PCA,False,test_rsq,-0.09677061868722867,0.22495842143519745,-0.6275938828507677,-0.24147648203565242,-0.055523371904406246,0.06381976628810655,0.1980558483561628
HNS,Ammonium-N,XGB-PCA,True,test_rsq,-0.19482175290750542,0.5782418235913896,-1.6787135552595411,-0.29774768372522964,-0.006411712549964201,0.19021959913709194,0.4587021262677185
HNS,Phosphorus,DL,False,test_rsq,-0.7465422194229238,0.9529576703455845,-3.339585246627858,-1.1369828659996302,-0.45447048467837137,0.027487849333705523,0.1496029222325873
HNS,Phosphorus,DL,True,test_rsq,-1.1433629997846373,0.9944707460689939,-3.847644187929057,-1.5355955590880128,-0.8406352285635504,-0.39760201061904427,-0.1752348446488643
HNS,Phosphorus,PLS,False,test_rsq,-0.22163250875717094,0.29112187405550427,-1.0166221402016316,-0.3697468154787954,-0.1794324736407679,-0.030197547196606375,0.1440541542274864
HNS,Phosphorus,PLS,True,test_rsq,-0.8079562130423696,0.5992307028804869,-2.1135567464029026,-1.2699624180229176,-0.6637356257043263,-0.279942184652591,-0.0688379304893516
HNS,Phosphorus,RF-PCA,False,test_rsq,-0.09756529887505053,0.20108485617967584,-0.5750956356853842,-0.20359482286832467,-0.0859612636249932,0.043534727428852324,0.1870498192372999
HNS,Phosphorus,RF-PCA,True,test_rsq,-0.5192264031189329,0.5873841209675597,-2.302025183340669,-0.6704690376660672,-0.4561349623213833,-0.12038969673828202,0.1625467359328617
HNS,Phosphorus,XGB-PCA,False,test_rsq,-0.24593939127375405,0.3064175649625301,-0.9667057184073612,-0.484554265823791,-0.2050101177127986,-0.051934762037988476,0.2803267535398759
HNS,Phosphorus,XGB-PCA,True,test_rsq,-0.7058428544377181,0.7494534744343835,-2.907543920774888,-1.1833280084629596,-0.5985763799904007,-0.04620369318541687,0.0827834919162311
HNS,Potassium,DL,False,test_rsq,-0.051333036836279655,1.0237163331028456,-3.796257954139212,-0.06234391902163057,0.22920547415770084,0.4124456578996608,0.7966292700049523
HNS,Potassium,DL,True,test_rsq,-2.312936917255203,1.5467868622717982,-6.014872934036517,-3.1384213804164207,-2.1087867489898824,-1.1344989138346488,-0.1250404226975203
HNS,Potassium,PLS,False,test_rsq,0.4456061345288017,0.24950866772853447,-0.024497380410007,0.2546959784400453,0.44222777636331695,0.634733717025466,0.8457536505887987
HNS,Potassium,PLS,True,test_rsq,-0.7925705413384587,0.6438353988604246,-2.0604611741683714,-1.1006582850293203,-0.7429870717131605,-0.21674631353235596,0.1377464515059314
HNS,Potassium,RF-PCA,False,test_rsq,0.29347939955019264,0.23398971014553602,-0.2011361064446239,0.14571516860714345,0.3361846673589777,0.4167304575633278,0.6990878150910378
HNS,Potassium,RF-PCA,True,test_rsq,-0.383570690561311,0.3831852630783729,-1.064320199508007,-0.7057262496434659,-0.32825130077518283,-0.09931836240893502,0.1490626669039465
HNS,Potassium,XGB-PCA,False,test_rsq,0.24254088025999793,0.2762060702406699,-0.233039875838716,0.018395090021322,0.2564270318849735,0.461538140357752,0.7402373223075868
HNS,Potassium,XGB-PCA,True,test_rsq,-0.747213383922371,0.6150270917461222,-1.889508416753205,-1.1421267569239126,-0.7450299041911306,-0.12632589082933499,0.0632168401961743
HNS,Calcium,DL,False,test_rsq,-0.0788322168700707,3.249237134114143,-13.849869230590947,0.5122440379149714,0.7129091866351542,0.7797693497367584,0.8676635772767574
HNS,Calcium,DL,True,test_rsq,-1.0125353946533875,0.712105279299527,-2.425379449426825,-1.441520346432878,-1.011250171904235,-0.45127516257405564,0.1353844027661997
HNS,Calcium,PLS,False,test_rsq,0.6867340383074628,0.17652608382115031,0.1685598450514926,0.5850201234425626,0.734921174444954,0.8267263577994051,0.8661166999594807
HNS,Calcium,PLS,True,test_rsq,-0.5373338359972321,0.922616928960237,-2.528131050969767,-1.1431165256841584,-0.22079779026387109,0.14495281193094256,0.5543325357280198
HNS,Calcium,RF-PCA,False,test_rsq,0.5512269852828138,0.19064365221119065,0.0897156473066912,0.5113252814544679,0.601332108785583,0.665129427068091,0.8360904765054634
HNS,Calcium,RF-PCA,True,test_rsq,0.11726538344388242,0.29519489961766804,-0.5948253389514406,-0.11495772287111998,0.1493088832753407,0.3589823985469441,0.5645108946392687
HNS,Calcium,XGB-PCA,False,test_rsq,0.5942505667403458,0.1997451669246259,0.1259497139540889,0.4206922585790416,0.6604929636003929,0.7066890714553641,0.9005093873916762
HNS,Calcium,XGB-PCA,True,test_rsq,-0.2682626139653535,0.4738411067520585,-1.2449667817260468,-0.42207132174957646,-0.26330443237732737,0.07086679947578735,0.5179848383851666
HNS,Magnesium,DL,False,test_rsq,0.2746343665388535,1.7816703220238035,-7.175611378492768,0.735380460412017,0.7641300057798592,0.8087112043659417,0.9395358406272148
HNS,Magnesium,DL,True,test_rsq,-2.0117837346029765,1.966878727125417,-8.00940593926957,-2.951393981781668,-1.8565148039307742,-0.726368371885876,0.5680799301488973
HNS,Magnesium,PLS,False,test_rsq,0.7979483223724136,0.07416018798581589,0.6493896731224138,0.7435694301296567,0.807530793662184,0.8430929894532873,0.9322197979411776
HNS,Magnesium,PLS,True,test_rsq,0.12716591132016752,0.14121763075264396,-0.3339950289461479,0.06390791789708541,0.16686887008568904,0.20082058617861598,0.3053003463271689
HNS,Magnesium,RF-PCA,False,test_rsq,0.5852166662162557,0.15955683467352577,0.2332776572250718,0.4353667546274452,0.6138965494786821,0.6875917951282361,0.8171754105240033
HNS,Magnesium,RF-PCA,True,test_rsq,0.350097255616236,0.20226688577175117,-0.25221731256246,0.25514848166666376,0.3696501357058374,0.4876715836665434,0.6587725542235983
HNS,Magnesium,XGB-PCA,False,test_rsq,0.6407175950654532,0.12480560988781204,0.3942075382942226,0.5624130056868191,0.6651185052382234,0.7131178596576219,0.826300967349668
HNS,Magnesium,XGB-PCA,True,test_rsq,0.1228684046105156,0.21661373256410393,-0.2948078658749009,-0.020793006647070823,0.1492976881868467,0.22430327355032603,0.6820992675746096
HNS,Boron,DL,False,test_rsq,-0.4695070400119545,1.2755524078280305,-3.2443191690191595,-0.74795331636617,0.02852225406485555,0.4401468862973591,0.657854640111792
HNS,Boron,DL,True,test_rsq,-2.4261699997020885,2.4111741637793416,-8.412440860803327,-2.8856215627618296,-1.8901446523252627,-0.957960160142149,0.2264994759353226
HNS,Boron,PLS,False,test_rsq,-0.02287211581614475,0.2910143518911993,-0.5096978998029211,-0.27687597411940035,-0.04103175884648465,0.08863609449831567,0.5888976219862991
HNS,Boron,PLS,True,test_rsq,-0.36114133061996284,0.33461978160344064,-1.4794976225128784,-0.45991631443886805,-0.25182705746992934,-0.1514201106195959,-0.0650364830318259
HNS,Boron,RF-PCA,False,test_rsq,-0.07642476772159376,0.30603300112612536,-0.8834361582302876,-0.08566875531249778,-0.0334744674495255,0.0859337539838184,0.3435536816998309
HNS,Boron,RF-PCA,True,test_rsq,-0.22122312725522505,0.45878564355837026,-1.1828838904439545,-0.407908508638979,-0.03684544563087065,0.0587801378412887,0.2530283029087767
HNS,Boron,XGB-PCA,False,test_rsq,-0.38606953144461703,1.2893126170436964,-3.696124893349791,-0.17813226733699175,0.13558899326907076,0.3583035440489868,0.6496072662461868
HNS,Boron,XGB-PCA,True,test_rsq,-0.38273771280940794,0.6467012146461272,-2.3298674847516554,-0.5228092090134031,-0.07505846529315754,-0.012133979071527,0.2090535874656183
HNS,Zinc,DL,False,test_rsq,-1.0140860535518983,1.1030747378419272,-3.5634697506343924,-1.3572185886092556,-0.5020596171190529,-0.273210117868562,0.0692189799080842
HNS,Zinc,DL,True,test_rsq,-2.389305149399607,3.3607480849349085,-10.859272547201998,-2.4604803529050874,-0.8304961901306874,-0.46810346054150553,0.1112472929793146
HNS,Zinc,PLS,False,test_rsq,-0.7576831442941047,1.1306571430001566,-3.267360104079941,-1.1216865213815983,-0.16304893363986833,0.04374592474880612,0.2036785600792536
HNS,Zinc,PLS,True,test_rsq,-0.9136110272225025,1.2366450432211027,-4.551589050946493,-0.6768785350201203,-0.4088223097746113,-0.23661413248531327,-0.0281264547131527
HNS,Zinc,RF-PCA,False,test_rsq,-0.17304649434064384,0.40649416657392134,-1.6857862307075422,-0.1798919353272172,-0.11854824561234695,0.0501770038756586,0.1828221670429823
HNS,Zinc,RF-PCA,True,test_rsq,-0.8475698939534431,1.1156887029567768,-3.526761130176212,-0.9242461736885017,-0.33488019855934203,-0.1586179107176506,0.0410895258428496
HNS,Zinc,XGB-PCA,False,test_rsq,-0.49645534164546123,0.7855220719006876,-2.6087231786061595,-0.7316837526244954,-0.1851753403413809,-0.025995680595665097,0.2513458292792796
HNS,Zinc,XGB-PCA,True,test_rsq,-1.1497320341785813,1.5098605852114015,-4.245938166940141,-1.548320417362347,-0.4855540134303915,-0.13815328579683156,0.0623506622921818
HNS,Manganese,DL,False,test_rsq,-1.0162740543057538,0.8165520788523286,-2.987261013574772,-1.176102725266623,-0.8244287754597491,-0.5748074737454123,0.3702508295705058
HNS,Manganese,DL,True,test_rsq,-2.752549211589106,2.7147608517513393,-7.9047595260285615,-3.358358155560972,-2.1379040925244794,-0.7319474461435302,0.3029748676967069
HNS,Manganese,PLS,False,test_rsq,-0.3984242503194518,0.6535576256313592,-2.775430997264844,-0.48299398115441067,-0.20315080165398708,-0.03575581638847203,0.1629021726085309
HNS,Manganese,PLS,True,test_rsq,-1.4952902000586228,1.6639192859525749,-6.40842793455927,-2.0266314552126135,-0.9383940358123488,-0.6136095326377842,0.2746251324856991
HNS,Manganese,RF-PCA,False,test_rsq,-0.20939390999225754,0.1922646815483192,-0.760732927980686,-0.3027151461860679,-0.19595569137790408,-0.09986074882227783,0.0930183947377069
HNS,Manganese,RF-PCA,True,test_rsq,-1.3391577770508885,1.0109613003309272,-4.076653831427202,-1.7973279661096615,-1.0847419280544706,-0.645446537143596,-0.1943626059117571
HNS,Manganese,XGB-PCA,False,test_rsq,-0.3342705478188957,0.27564081294172516,-0.9716354070982948,-0.4818854182871521,-0.30721846557580484,-0.14903822781987092,0.06656225895991
HNS,Manganese,XGB-PCA,True,test_rsq,-1.4077049442993999,0.9295615899977557,-3.968345567606861,-2.0001195908605274,-1.3005308378793872,-0.6909230227245089,-0.3136859270967567
HNS,Iron,DL,False,test_rsq,0.8168330656610246,0.12018841809186138,0.5062017653643605,0.798933343183773,0.8471903981040614,0.8884934650857044,0.9403816370032484
HNS,Iron,DL,True,test_rsq,0.27273363974078463,0.38745340636506953,-0.9735756077322172,0.09472265191303371,0.37756323948525233,0.46967648345579455,0.8341026389828532
HNS,Iron,PLS,False,test_rsq,0.7894604813792621,0.1851135001636561,0.1753923395978416,0.7939120518731022,0.8401328827892736,0.8953270949963723,0.958250637597858
HNS,Iron,PLS,True,test_rsq,0.35159254013944363,0.5259821486476339,-1.5212126471253855,0.370096020723107,0.44173704651235157,0.5880071467217363,0.8784705865234992
HNS,Iron,RF-PCA,False,test_rsq,0.7127010227122895,0.10135055166916007,0.4313199985819721,0.6545792133067726,0.7308179713682131,0.7900227540921274,0.8226633947643313
HNS,Iron,RF-PCA,True,test_rsq,0.6113165256834825,0.19786485367418424,0.1623368017848737,0.5010105868558895,0.6887431006943472,0.743185965806983,0.8562813302010214
HNS,Iron,XGB-PCA,False,test_rsq,0.7858408418072184,0.09882183482932633,0.5626679307752851,0.736361349559818,0.7951348502761076,0.8453080444594376,0.9380457480798584
HNS,Iron,XGB-PCA,True,test_rsq,0.5554602718125516,0.20282055075483374,0.1099382634876077,0.4578757249314356,0.5803877387260331,0.6840442419323589,0.9045240265224744
HNS,Copper,DL,False,test_rsq,0.3725527417843747,0.18426446379645386,0.0398323773670648,0.24500366537892465,0.42615934835542313,0.4974601031978949,0.6082386452226406
HNS,Copper,DL,True,test_rsq,0.038909679183915774,0.3564242289408734,-0.8584304637648656,-0.07453764845093216,0.11962552745951668,0.20877522329098497,0.6237989618699927
HNS,Copper,PLS,False,test_rsq,0.3783359668546806,0.18241053152223335,-0.1198207641977284,0.310403179516065,0.39311793783535426,0.4768821185742741,0.6542921257657506
HNS,Copper,PLS,True,test_rsq,0.23416426898457404,0.2715537209595882,-0.297121852020336,0.1074495596765383,0.3246168415885852,0.4181168937466555,0.5505807249416008
HNS,Copper,RF-PCA,False,test_rsq,0.27155241728647195,0.17626663980205015,-0.2411908342349658,0.16785966267270297,0.2822327254734815,0.4238940314550853,0.5478157776878321
HNS,Copper,RF-PCA,True,test_rsq,0.27228421758781435,0.17501197114512518,-0.0434724596842288,0.14353401836515983,0.29629556856423855,0.38378020280587116,0.5654325592066947
HNS,Copper,XGB-PCA,False,test_rsq,0.3127119828589676,0.1587089775392203,-0.1525383798158752,0.2388055905302643,0.3231531737948622,0.41703869267908406,0.622189075988427
HNS,Copper,XGB-PCA,True,test_rsq,0.3099055850357288,0.25274896630872473,-0.3097983104461435,0.20329813886843348,0.3478341008182514,0.4943149672640397,0.6918816108961252
HNS,Molybdenum,DL,False,test_rsq,-0.07458297265767376,0.1039179409689876,-0.3730650552367189,-0.1127147531057243,-0.0204834953760637,-0.002895191482476575,-2.545133777842601e-05
HNS,Molybdenum,DL,True,test_rsq,-4.646014454598411,2.346545870842267,-9.88923183761614,-6.532220194865672,-3.5900873807788876,-2.810385251974174,-1.940538240222276
HNS,Molybdenum,PLS,False,test_rsq,0.04268199612416911,0.7297959659324833,-2.721889332618402,-0.0334766361141997,0.2428169625439694,0.30131262406701464,0.7057112374943829
HNS,Molybdenum,PLS,True,test_rsq,-2.97721716394864,3.4486190582683847,-16.788391535590762,-2.895282979526108,-2.2581683078493526,-1.5455753025804944,-0.4204765411653837
HNS,Molybdenum,RF-PCA,False,test_rsq,0.15679815050095902,0.1342825787822373,-0.0919548256044848,0.05053005206228645,0.19392425255747636,0.22975325924181672,0.3861964959130702
HNS,Molybdenum,RF-PCA,True,test_rsq,-0.1464668981517549,0.32607245939221224,-1.064133916101952,-0.2038637296322324,-0.07784978712185535,-0.0069797275029734,0.2670400692459076
HNS,Molybdenum,XGB-PCA,False,test_rsq,0.1826178147778671,0.3306400547771371,-0.8969318752164455,0.03007270449406095,0.29621551438815236,0.4164516897590521,0.5372787118768205
HNS,Molybdenum,XGB-PCA,True,test_rsq,-0.3171703831787835,0.44773576063256265,-1.4732529486788055,-0.40621794613462436,-0.27493191056265537,-0.031275871976511424,0.2699187451171816
HNS,pH,DL,False,test_rsq,-0.4970543174722716,0.84069552089249,-3.35829905489944,-0.6087700460316814,-0.3043419368177508,0.052442353847737454,0.2911354256950548
HNS,pH,DL,True,test_rsq,-8.716443193980357,5.708386713921657,-24.59146810780313,-10.453047857457092,-8.052719025644155,-4.185689678868581,-1.825232026652416
HNS,pH,PLS,False,test_rsq,-0.49149601643605967,0.554251867097701,-1.6696726355038605,-0.7497885682338525,-0.4244593741429715,-0.09994919218182505,0.3132621202245579
HNS,pH,PLS,True,test_rsq,-3.7355518048067857,4.590766123090085,-16.79419047149819,-4.197303988284309,-2.259522801380588,-0.8740819743457269,-0.1053395050122656
HNS,pH,RF-PCA,False,test_rsq,0.07401628197564761,0.1933835017445192,-0.2893565683646237,0.011107114017509023,0.11513278261591606,0.1797235971063217,0.3888850574712653
HNS,pH,RF-PCA,True,test_rsq,-0.7526388679738597,0.948778630160538,-3.970834886930661,-1.2155026962980906,-0.7325617649422012,-0.0653780570147027,0.230724535394871
HNS,pH,XGB-PCA,False,test_rsq,-0.1731192338303325,0.5219407864192406,-1.352886124016417,-0.24780661754620398,-0.0236611334139179,0.06939580428024703,0.6508967978999425
HNS,pH,XGB-PCA,True,test_rsq,-1.9471634940662068,2.177112001829273,-9.85051653755542,-2.6129871330362713,-1.6723507736838028,-0.5338168993827699,-0.0798256409067943
